,Banks name,level_0,level_1,Yerevan,Lori,Tavush,Syuniq,Ararat,Kotayq,Armavir,Aragatsotn,Shirak,Gegharquniq,Vayots Dzor,NKR,NPL (%)_r,NPL(AMDths),LoanPortfolio(net),Provisions,LoanPortfolio(Gross),Coverageratio,TheimpairmenttotheNPL,CostofCreditRisk,TotalAssets,TotalLiabilities,TotalCapital,"StatutoryCapital
(w/oincomefromemission)",Loans,Liabilitiestocustomers,Liabilitiestocustomers(incl.securities),EmittedSecurities,ProfitAftertax,"ROA
(Annualized)","ROE
(Annualized)",Interestandsimilarincome,Interestandsimilarexpenses,Netinterestincome,Commisssionsreceived,Commisssionspaid,Netcommissions,Dividendsreceived,Netotheroperatingincome,Operatingincome,Netprovisions,Totaladministrativeexpenses,Otherincome/exspenses,Profit/(loss)beforetax,Incometax,Profit/(loss)aftertax,AMD_Assets,FXgroupI_Assets,FXgroupII_Assets,Cost of credit risk,Cost of credit risk_r,Net non-interest,Bonds Attracted,Index,Year
0,Artsakh,2020-06-30,0,-0.4,-0.3076923076923077,0.0,0.0,-0.25,-0.3,-0.4444444444444444,-0.4,-0.4444444444444444,0.0,0.0,12.8,-0.7511139401654997,-0.29590146637074033,-0.30413314111969286,0.4487194061453779,-0.33160338904603615,2.7740465638849017,2.7740465638849017,-1.0541310541310542,-0.23781496014634598,-0.2935130765464019,0.14809433050908213,-0.10364587661707414,-0.3041331403753028,-0.21004246273037025,-0.23368603072450575,-0.40342519401022897,0.6677341297567103,1.5,1.1538461538461537,-0.020136563541059704,-0.10874329500186494,0.019119386832415947,-0.9785699983469266,-0.5300058695037202,-0.5241699330956555,0.0,-0.30507955150028127,-0.1074784876360948,-0.3854888254784093,-0.7328403784925601,0.0,0.6426876766284118,0.6629542908225318,0.6677341297567103,0.1148128625154788,-0.8137587398210381,-0.5597822899337973,-1.0070585011531001,1.5171691892577635,-0.2951385352387709,0.7432016773182806,3.6337651835791887,2020
1,ASHB,2020-06-30,1,0.4,1.5384615384615385,3.2,2.2222222222222223,2.25,0.9,0.8888888888888888,2.0,1.3333333333333333,1.3333333333333333,2.0,2.4,0.3590070019096117,1.1027855454683497,4.006108654256634,-0.9830408609731799,3.493079696673956,-0.33899257224892326,-0.33899257224892326,0.2678062678062677,4.173032944903496,3.988406696699995,3.7931948633401165,2.1247431824700413,4.006108624870729,2.1540855057096056,3.210135112174768,15.536964507629927,2.288868211601912,0.5,1.4615384615384615,3.192986099898821,3.7857722349327543,2.4001400326024265,2.327629259865472,1.3346610755254726,2.728298764994386,0.0,2.1979436624812148,2.941257058283852,2.1290122052637472,1.1930180497296854,0.0,2.28755199522619,2.3594706912395664,2.288868211601912,3.1101256230269767,4.920634499632603,0.5767449550161262,-0.6132810913153023,0.7194895171245156,5.980745726638312,2.1575557230929583,35.038222945883206,2020
2,Byblos,2020-06-30,2,-0.8,-0.3076923076923077,0.0,0.0,-0.25,-0.3,-0.4444444444444444,-0.4,-0.4444444444444444,0.0,0.0,0.0,-0.14767663908338638,-0.2678854695990279,-1.0445536789933534,0.5016156634288321,-0.9740061134716146,-0.08844641408151795,-0.08844641408151795,-0.5584045584045585,-0.8708845066707872,-0.8406377522375239,-1.2226740595515397,0.12622029737279838,-1.0445536764367251,-0.706350278378164,-0.6887834766627832,-0.40342519401022897,-0.44210777780516003,-0.5,-0.5384615384615384,-0.7606948950672247,-0.6353349492920161,-0.9297562674845201,-1.2559138120106261,-0.6046316411317011,-0.8588229693973356,0.0,-0.08927356255763998,-0.7319847007016909,-0.32192696844715407,-0.9109507573044129,0.0,-0.4718155405694239,-0.41510631810064536,-0.44210777780516003,-0.7844694139878475,-0.875463572312576,-0.6573497657443559,-0.04825411309454048,0.04219222414748959,-0.12484941821872728,0.2875960978838495,-7.0205967931379805,2020
3,Converse,2020-06-30,3,0.24,0.0,1.6,0.4444444444444444,0.25,0.9,0.8888888888888888,0.4,0.8888888888888888,0.3333333333333333,0.0,0.8,0.3488224061107575,0.25148969785597874,0.8067644078010028,-0.02345280634016116,0.6619546192721446,-0.3654578365894762,-0.3654578365894762,-0.34188034188034194,0.7034758357124745,0.6554946746197821,0.4831861522725289,-0.35855826646308914,0.8067644156167008,0.7845429851168598,0.8455164760724474,1.6853391903260404,0.11650533720444116,-0.5,0.07692307692307693,0.5296416809395628,0.40052237653599626,0.5959394021775973,0.28403119419421985,0.5973580174651671,0.4040687558680822,0.0,1.1138789933977538,0.7005389571854578,0.21455780744748562,0.7062452260495555,0.0,0.1621555326819072,0.6530660441248075,0.11650533720444116,-0.0022305196461471616,1.6142073996130728,0.22909649804786966,0.8084322358055733,-0.5292180711516721,1.5393892086861543,-0.2746061131611928,4.868192793267398,2020
4,Econom,2020-06-30,4,1.36,0.6153846153846154,0.8,0.8888888888888888,0.75,0.7,0.4444444444444444,0.4,0.4444444444444444,1.0,1.0,0.8,-0.7383831954169319,-0.2770790036030379,0.4318962628865459,0.3838645062757912,0.30791811191199264,1.9486299232257664,1.9486299232257664,-1.1566951566951569,0.49188919197631653,0.4777528419312148,-0.03930612169490395,0.10364587661707414,0.43189626182944546,-0.17647780396292848,-0.16552399113463764,0.06359954871523762,0.7961467424281278,0.5,1.4615384615384615,0.5190191970849208,0.4692834279557843,0.500031670730092,-0.06216662048926317,0.03014351235229185,0.34461154116357096,0.0,-2.292173906422652,0.4470673652086667,-0.44858028760765567,0.1529585387121237,0.0,0.8711851953993796,1.5042415410550474,0.7961467424281278,0.6614763933811291,0.04434320139751332,-0.22909649804786966,0.24423063289988944,-0.1945719984161678,0.6954375915344064,0.4703140458214959,4.68722150218402,2020
5,Evoca,2020-06-30,5,-0.24,0.0,0.0,0.0,-0.25,-0.1,-0.4444444444444444,-0.4,0.0,0.0,0.0,0.0,-0.16040738383195413,-0.15190845866779323,-0.2626511230127493,0.2776336736276204,-0.2828915818357728,0.08844641408151811,0.08844641408151811,0.017094017094016985,-0.23732091477362152,-0.20521394706795112,-0.9552293885416172,-0.5122382995111358,-0.2626511223698898,-0.22152639321261858,-0.2170140508894475,-0.06359954871523762,-0.2877101651215316,-0.5,-0.07692307692307693,-0.2081352181115346,-0.20705324378614026,-0.25990676776733174,-0.7496810266750175,0.06325381178385675,-0.6498010597017865,0.0,-0.270445596900361,-0.25003788143989936,0.04568156541894114,-0.48080854767335873,0.0,-0.3160016716826474,-0.25960328932151316,-0.2877101651215316,-0.24958718398621627,-0.22842165878101706,-0.3729657901884231,0.1548793283839092,-0.12800079454051191,-0.05920015172321751,-1.0617653027275369,-4.411343066920547,2020
6,HSBC,2020-06-30,6,-0.4,-0.3076923076923077,0.0,0.0,-0.25,-0.3,-0.4444444444444444,-0.4,-0.4444444444444444,0.0,0.0,0.0,2.41884150222788,0.6054930140438429,-0.0952700107424999,0.02345280634016116,-0.11934040973673107,-0.6392235191311404,-0.6392235191311404,-1.076923076923077,-0.06085225741632697,-0.09526273385342374,-0.03822161295228968,-0.4749767384502095,-0.09527001050931898,0.22531716343745273,0.16552399113463764,-0.40342519401022897,-0.11650533720444116,-0.5,-0.07692307692307693,-0.3804381906987475,-0.7575782799163243,-0.019119386832415947,0.06216662048926317,-0.03014351235229185,0.5654828734070003,0.0,0.15268063382325928,0.1074784876360948,-0.39407424392760637,0.44328791601927575,0.0,-0.1621555326819072,-0.2234288099721537,-0.11650533720444116,-0.2339631394319633,0.12405972802870985,0.5910854744525547,1.7433717086955083,-0.8829618482886512,0.7980729044108609,-0.38805033622737695,1.109271797332876,2020
7,IDbank,2020-06-30,7,-0.24,0.0,0.0,0.0,-0.25,-0.1,0.0,-0.4,0.0,0.0,0.0,0.0,-0.15276893698281352,-0.17706156446205015,-0.5128287199939204,-0.479982786337506,-0.44127173259894803,3.5630110479995007,3.5630110479995007,-0.01709401709401711,-0.4668867628408159,-0.5222091625821179,0.03822161295228968,0.7203396752674379,-0.5128287187387314,-0.49820935931449756,-0.4348393068166259,0.38467720557385926,-0.45124693143214784,-0.5,-0.6923076923076923,-0.2923723053896891,-0.4806480512266854,-0.1373906169117527,-0.6600169265406761,-0.29465886020861987,-0.25287905349064715,0.0,0.08927356255763998,-0.1671744938721828,-0.04568156541894114,-0.1529585387121237,0.0,-0.4102593298544245,0.08517395076297728,-0.45124693143214784,-0.33982927256535916,-0.7077236099263156,1.0211394551010013,1.0122560024745537,-0.6228760546827175,-0.07110357568073501,0.17045565605523838,-4.355780491223811,2020
8,Ineco,2020-06-30,8,0.4,0.3076923076923077,0.0,0.0,0.25,0.1,0.0,0.4,0.0,0.0,0.0,0.0,0.1247612985359643,0.15190845866779323,0.8186642652517693,-0.3215301863827993,0.6947693237148767,0.15198801572935539,0.15198801572935539,0.9173789173789174,0.9360072546707693,0.8375402686010026,1.2244400231319106,-0.7741362608013859,0.8186642632480233,0.6842228253102624,0.6728620416458031,0.6776403992759454,0.6915593375601142,0.5,0.5384615384615384,1.1535198503134967,0.7098814723642374,1.5401031749646181,0.1627852424779338,0.9808315365557144,-0.05670126783404571,0.0,0.3345455376067262,1.2339752290559547,1.3348323359294496,0.18082647014344289,0.0,0.7136726252123979,1.0248435599632977,0.6915593375601142,0.9269799953326047,0.6908912463138859,-0.3186975844508573,-0.6190325915488512,0.7285973822262763,0.9719645698190209,0.6068324413990547,10.191793596267841,2020
9,Mellat,2020-06-30,9,-0.96,-0.3076923076923077,0.0,0.0,-0.25,-0.3,-0.4444444444444444,-0.4,-0.4444444444444444,0.0,0.0,0.0,-0.1247612985359644,-0.2938905770731861,-1.2191546025615374,0.5560594769411668,-1.1286688838408738,-0.4990325198177392,-0.4990325198177392,0.07977207977207959,-1.0906842283844147,-1.1381324392346377,-0.34708388385103783,0.5763362622976951,-1.2191545995775595,-1.158926386935087,-1.1037804293666365,-0.40342519401022897,-0.21540907836506748,2.5,-0.23076923076923078,-0.95014394656521,-1.1127032856787784,-0.8029779525133731,-1.2153448287904858,-0.6597495931798647,-0.7599650705483004,0.0,0.09486220178299672,-0.6820680495733286,-0.33290217188685073,-1.0165526224855364,0.0,-0.2507400457252101,-0.2422300927491979,-0.21540907836506748,-0.8838023095365182,-1.246182655081146,-0.6426598998472246,-1.1560665531457515,1.9510683598409846,-0.2992635102149763,-0.17045565605523838,-2.291403950011129,2020
10,Uni,2020-06-30,10,1.36,0.9230769230769231,0.8,1.3333333333333333,0.75,0.1,0.4444444444444444,1.2,0.4444444444444444,1.0,1.0,1.6,5.242520687460216,1.7670030383291384,0.0952700107424999,-0.9597387160147304,0.11934040973673107,-0.5559578053804382,-0.5559578053804382,0.46723646723646717,0.06085225741632697,0.09526273385342374,-0.847310125276934,-0.3168601678470424,0.09527001050931898,0.17647780396292848,0.19862488356572425,0.5695529415610462,-0.5064921426679517,-1.5,-0.6923076923076923,0.020136563541059704,0.10874329500186494,-0.1329332136960785,0.4373071899381378,-0.06642475551426572,1.1218476498125496,0.0,-3.530613313181746,-0.1352619947340068,0.4867070750930372,-0.41707188923236477,0.0,-0.573657720565566,-0.7453304151104857,-0.5064921426679517,0.0022305196461471616,0.03261335997729793,0.6131703496859616,0.04825411309454079,-0.04219222414748959,0.05920015172321751,-0.9410981384230891,1.089397188242173,2020
11,VTB,2020-06-30,11,1.2,1.2307692307692308,3.2,2.2222222222222223,1.75,0.7,0.8888888888888888,2.8,2.6666666666666665,1.6666666666666667,3.0,0.0,2.3042647994907703,1.1649951953455544,0.5893358162819994,-2.131424416626412,0.633987826996933,0.09918232320079906,0.09918232320079906,0.9401709401709402,0.7092408495827227,0.6472523110529648,0.6618797663523657,3.0131795799336936,0.5893358148395531,0.9902737715107025,0.8669632746030146,-0.40342519401022897,0.48416644520359836,0.5,0.5384615384615384,1.1802785261816267,0.5148706131605747,1.8052067236508043,0.14304032800702207,0.7939434974749189,0.05670126783404571,0.0,-2.3552002801933565,1.1468217653871788,1.155683433581927,0.4948702304295364,0.0,0.3791882651043195,-0.08517395076297728,0.48416644520359836,1.0072873425333708,-0.03261335997729793,0.5470958903411984,-0.12244173553498987,0.11192860412848285,-0.25926846229221473,-0.8180744124543267,8.14135725406172,2020
12,ABB,2020-09-30,0,0.75,0.5,0.5,0.6666666666666666,1.0,0.4,0.0,1.0,0.75,1.0,0.0,7.0,-0.2131147540983607,0.5123293217093025,4.373705730243931,-0.39878737116281743,4.178215694515349,-0.36881937436932394,-0.36881937436932394,0.04102564102564106,3.1901120319170313,3.5959487341575924,0.5201123186632168,1.1504759231834476,4.373705769604957,3.4527498972879567,3.392820795065324,0.08842399707005086,-0.30872323105089816,-1.0,-0.6,1.2843730118330559,2.9045139987785964,0.339094065728297,2.909637674031039,0.14811662055756544,4.13289415165666,0.0,-0.7992108733928983,0.7472434352114636,1.4469075982615447,0.17763302068180442,0.0,-0.42124053862173655,-0.11910317721912114,-0.30872323105089816,2.9601843789495974,2.852180821113803,3.6026897569779055,-0.5139669603772073,0.5962262982484372,2.7342898339460007,-0.12675889812574698,16.493712924694826,2020
13,ACBA,2020-09-30,1,0.15,1.0,1.5,1.0,1.5,0.6,1.5,2.5,1.25,1.3333333333333333,2.0,0.0,0.2950819672131149,0.3168696975286174,1.564965468410886,-0.7025109957156452,1.4972841532105305,0.09535822401614534,0.09535822401614534,0.15384615384615377,0.9084675013399595,0.917386827689365,1.301613062087261,0.2883823745739245,1.564965482494743,0.8095013404222836,0.6874090258240018,-0.5094983515524623,0.0,0.0,-0.4,0.9658900966202969,0.904143532533877,1.3377250292009617,1.1826566424016574,1.1364442911551247,1.0941877918612408,7974.0,-1.9594162407204352,0.793754483630164,0.6939375462505332,1.1563842688584995,285537.0,0.0,0.8808968227808789,0.0,1.2440699475591857,0.7841919583734537,0.013573625006570533,0.4280043353336862,-0.3111879394300184,0.0,-1.355162968380349,4.946297973955182,2020
14,Ameria,2020-09-30,2,-0.2,0.0,0.0,0.3333333333333333,-0.5,-0.2,0.0,-0.5,0.0,0.0,1.0,0.0,0.5327868852459017,1.2932611607585065,4.346287500716133,-1.265664733807407,4.216681611672476,-0.35544904137235117,-0.35544904137235117,-0.05641025641025658,3.301144902114114,3.393813893112695,3.584421064054784,0.8151055420776789,4.346287539830409,2.428312907868301,2.789523561416253,4.139193933909702,1.5838093855207949,0.0,0.4,1.9140057840503446,2.1516868655165333,2.040736705040745,1.385784716516023,0.7452546763434627,1.637571873312367,0.0,-0.6881013169047326,1.7831374864675054,1.3346893194164902,1.536159443355337,0.0,1.1827470477149566,1.2855391967291339,1.5838093855207949,1.867644448108788,4.537903335231568,2.791707184950268,-0.2061758516227348,0.20021480453782783,1.5095336465331475,2.557337932344455,26.23961028063685,2020
15,Ararat,2020-09-30,3,0.6,0.75,1.5,0.6666666666666666,0.5,0.6,0.5,0.0,1.25,0.6666666666666666,0.0,1.0,-0.012295081967213036,-0.19706149286184432,-0.06700444190347463,0.21759643329748274,-0.1424690805917668,0.0,0.0,-1.0512820512820515,-0.42701030246552807,-0.41164190518762767,-0.4688855362885889,-1.2230278524640628,-0.06700444250647897,-0.5014764979438973,-0.5391092706462889,0.3028832118198025,-0.11036718649873276,0.0,0.0,-0.39882854513951893,-0.3054844864713614,-0.13184325105555228,-0.38853188977744857,0.14961363753109613,-0.3947065901076908,0.0,-0.24914927350424204,-0.3964135004414439,-0.25995356342034015,-0.31945167486224196,0.0,-0.2735991888452426,-0.07077198773425164,-0.11036718649873276,-0.23487210797447447,0.14853242422514001,-0.30224485892336717,0.8533678176124222,-0.5309645436587414,-0.0033310490345206407,0.7817608679867358,-1.9206917007195323,2020
16,Armswiss,2020-09-30,4,-0.75,-0.25,-0.5,-0.3333333333333333,-0.5,-0.4,-0.5,-0.5,-0.25,0.0,0.0,0.0,-0.4836065573770493,-0.3435644141145684,-0.3618133921048998,0.18881288184834777,-0.424094677599356,1.4764127144298689,1.4764127144298689,0.08717948717948715,0.13114026203483914,0.04475194364702797,1.19540168194898,-1.1377079376338801,-0.3618133953610279,-0.2329789369305341,0.08206413714545727,3.695126993139691,1.6737870654156237,2.0,1.6,0.017598157839379396,0.521590717448771,-0.041035872870147753,-1.1124127674841158,-0.7160555070411166,-0.802663084913752,115482.0,0.15344153018099985,0.09074141060131077,0.0,-0.9349733408298305,0.0,1.22930518268965,1.2088532810400898,1.6737870654156237,0.6673342551044998,0.033307036099493106,0.0,-1.4073219566645845,3.751127507035071,1.481771823636287,10.841233345563865,21.914821944075058,2020
17,Artsakh,2020-09-30,5,-0.4,-0.25,-0.5,-0.3333333333333333,-0.5,-0.4,-0.5,-0.5,-0.25,0.0,0.0,16.0,-0.9467213114754098,-0.42922797056249196,-0.3355535291153222,0.547146138957224,-0.42562719040231933,0.6815085771947528,0.6815085771947528,-1.471794871794872,-0.6582878993974567,-0.7249143282733306,0.0,-0.1921328655995554,-0.33555353213512557,-0.37377799318446175,-0.5153761261361572,-0.6971167881801975,1.1198799464487885,3.0,2.0,-0.3712394921211985,-0.4118280879474642,0.0,-0.9692125637969146,-0.6329182291169801,-0.6623612170018107,6041.0,0.01137149409001905,-0.33327617212505634,-0.37737603774089923,-0.9354978973118712,0.0,0.6946904442481373,0.4829989445363992,1.1198799464487885,0.0,-0.6073092364573035,-0.48506554471174346,-1.0001433435735807,1.6750656037546985,-0.15970054559090718,0.7192034252114046,5.1735952354263075,2020
18,ASHB,2020-09-30,6,0.15,1.25,1.5,1.3333333333333333,2.0,0.8,1.0,1.0,0.75,1.3333333333333333,2.0,0.0,0.7377049180327869,1.431823913179502,4.115501216647094,-1.3441870013256108,4.000404741804667,-0.38244197780020184,-0.38244197780020184,0.0,3.144103343516571,3.3436027505593224,2.3864854296554534,1.8732979531049754,4.115501244684948,1.3975749078731199,2.447300036791611,10.761731226326281,2.8714525961367436,1.0,2.0,2.0119694835944615,2.888144221665116,1.6389587414271884,2.049476604904695,1.1980377336337151,2.2421971790717623,0.0,1.2876048357937697,1.8810464528451294,1.2239688500193164,0.9849772576504431,0.0,2.169067186809473,1.7340291222279207,2.8714525961367436,2.3556403813422673,3.647198419948548,0.7414860500294944,-0.6170278069149012,0.7656692480706049,3.0282972466937084,2.3023232764130475,29.781398803944132,2020
19,Byblos,2020-09-30,7,-0.65,-0.25,-0.5,-0.3333333333333333,-0.5,-0.4,-0.5,-0.5,-0.25,0.0,0.0,0.0,-0.262295081967213,-0.4144387343092876,-1.0297216343919642,0.5711663372419306,-1.0956212345766796,-0.11553985872855697,-0.11553985872855697,-0.876923076923077,-1.1730490289667723,-1.2031741749635185,-0.9998325600268471,0.02092359238308991,-1.0297216436589112,-0.7573297263584694,-0.898927859310165,-0.6971167881801975,-0.4992567657042194,0.0,-0.6,-0.9198586263763615,-0.8701261171281561,-0.6126129974957619,-1.2465707350098951,-0.7191243918368545,-0.9847130229676927,0.0,0.12351201105778754,-0.8100207858381927,-0.28984105829729345,-1.0799561911051483,0.0,-0.5783968460348061,-0.23961403588100272,-0.4992567657042194,-0.7228387008162962,-0.6506708284897614,-0.5911427762105841,0.07417749501810345,-0.06272619277750047,-0.09145645835974141,-0.14583328156754,-7.578886035531243,2020
20,Converse,2020-09-30,8,0.0,0.0,0.5,0.0,0.0,0.8,1.0,0.0,0.5,0.3333333333333333,0.0,1.0,0.8565573770491804,0.2766144106591088,0.6644464708846778,0.026606117817383878,0.5759053224006441,-0.534561049445005,-0.534561049445005,-0.6461538461538463,0.05480281274897143,0.06917718829234555,0.1574392831044869,-0.42840395296222245,0.6644464678648745,0.4254217399942188,0.4344119406045112,0.7513303984681675,0.36083057630745863,0.0,0.6,0.0,0.0,0.3351237575388475,0.27061103267096415,0.543371663816953,0.24359989993328887,0.0,0.8211217291858284,0.23547607256341077,-0.010341862899920616,0.5191634166971584,0.0,0.18853805416468156,0.5822065733844684,0.36083057630745863,-0.11793097074187589,0.9122774214384215,0.3769957590863164,0.6085482460433412,-0.412916240459696,0.9085435416402586,0.011744761232694006,4.040161468943737,2020
21,Econom,2020-09-30,9,0.7,0.5,0.0,0.3333333333333333,0.5,0.8,0.5,0.0,0.25,0.6666666666666666,1.0,1.0,-1.0040983606557379,-0.4191854308147359,0.3867934137356614,0.43951241974288313,0.2777472501865007,1.8435923309788091,1.8435923309788091,-1.2564102564102566,0.0246479999513121,0.07516267838683215,-0.21839804946291225,0.0,0.38679341721659644,-0.3472268697479866,-0.4467841729922707,-0.29274335450383115,0.6912767689491018,1.0,1.4,0.00211784239827731,0.10416838549326358,0.25752907597703917,0.0,0.0,0.23973422758029161,0.0,-1.1535129610142294,0.0,-0.3276313120615821,0.0,0.0,0.5787594613782635,1.3595632498759502,0.6912767689491018,0.5410916506428026,-0.004879756634518818,-0.0759955086760231,0.30088859118595607,-0.23036948131953772,0.2885993683187561,0.7799902017706386,3.0043494426588833,2020
22,Evoca,2020-09-30,10,-0.3,0.0,-0.5,-0.3333333333333333,-0.5,-0.2,-0.5,-0.5,0.0,0.0,0.0,0.0,-0.3032786885245901,-0.3078445078493854,-0.33443982693734836,0.2974890042843548,-0.40587622000781104,0.42179616548940463,0.42179616548940463,0.0820512820512819,-0.6327966205483119,-0.6201338125828049,-0.7071871794886918,-0.42466991205284405,-0.33443982994712895,-0.3509236490473134,-0.475762403734155,-0.5359152281157133,-0.4448414356581342,0.0,-0.4,-0.5089002757138934,-0.47840928255122905,-0.19152444927213477,-0.7293889673290358,-0.029940339470613704,-0.7410674576701928,0.0,0.0,-0.4525669857334819,0.017872374133955624,-0.6473497998455087,0.0,-0.5405636500781643,-0.23924991878760907,-0.4448414356581342,-0.2634748649990062,-0.21580804162654627,-0.2585139499705056,0.11382078958101302,-0.09452259175321188,-0.03153751795749356,-0.9491982928055487,-5.1852228192624255,2020
23,HSBC,2020-09-30,11,-0.4,-0.25,-0.5,-0.3333333333333333,-0.5,-0.4,-0.5,-0.5,-0.25,0.0,0.0,0.0,3.717213114754099,0.6564355858854316,-0.11759736376060702,0.0,-0.17488894072688724,-0.7183400605449042,-0.7183400605449042,-0.8871794871794871,-0.47528026598489526,-0.49461155329348533,-0.20692761509212737,-0.536308943308564,-0.11759736481892076,0.0,-0.14159813295169552,-0.6971167881801975,-0.04362733838337399,0.0,0.0,-0.6336650999523081,-0.9711752234038049,-0.02744549532557368,0.009817636302614372,-0.12482332998216789,0.3376387829981893,0.0,0.2523798618071117,-0.14455324791824398,-0.21382115619873568,0.23731049281536107,0.0,-0.22554723631435006,-0.06235564720623426,-0.04362733838337399,-0.20027276415821613,0.0,-0.008028460626449168,1.1698505090103999,-0.6573376890563745,0.5975639867748341,-0.2182391320132642,1.9321125156675365,2020
24,IDbank,2020-09-30,12,-0.3,0.0,-0.5,-0.3333333333333333,-0.5,-0.2,0.0,-0.5,0.0,0.0,0.0,0.0,0.0,-0.29108739226697566,-0.5702143991885792,-0.18696161170381576,-0.5965838585828912,2.210141271442987,2.210141271442987,-0.14871794871794874,-0.787088491011038,-0.856104474960494,-0.14265620309365845,0.5715960470377776,-0.5702144043202055,-0.6152540033967441,-0.6697237168332463,0.14093561029429064,-0.5201322946395891,0.0,-0.8,-0.5734080774375468,-0.729421844208904,-0.10962961363832621,-0.5851240350897496,-0.33959830044543593,-0.333618245496998,1940.0,-0.02117813745206954,-0.3868532653700359,-0.09065901294960779,-0.2935520704115438,0.0,-0.5432763675796264,0.0,-0.5201322946395891,-0.36924693600376884,-0.41870600155973087,1.166216585192064,0.8831068871307226,-0.5439825887192999,-0.033545192145181056,-0.08509585506461337,-5.118172829294025,2020
25,Ineco,2020-09-30,13,0.1,0.25,-0.5,-0.3333333333333333,0.0,0.0,0.0,0.0,0.0,0.0,0.0,0.0,0.1270491803278689,0.0,0.5925141092311162,-0.510887804970676,0.5468786075010762,0.631180625630676,0.631180625630676,1.0256410256410258,0.3672033794516881,0.3798661874171952,0.5734956500404298,-0.8135914468522556,0.5925141145634281,0.39310998048562446,0.327994568071672,0.03853901442887587,0.49096562945217226,0.0,0.4,0.45384530154300223,0.31706439404687226,0.8903703863616738,0.23157412015230247,0.9296255256070624,-0.07123796816925569,0.0,0.43737025546464287,0.6113157676480556,0.8998652265458064,0.009145032430283072,0.0,0.2530296364140693,0.4575500155285231,0.49096562945217226,0.7651278920255256,0.36620763658331545,-0.0813194651294541,-0.5719956646663138,0.6888120605699816,0.6447070287742426,2.705480589484007,8.188458769182047,2020
26,Mellat,2020-09-30,14,-0.75,-0.25,-0.5,-0.3333333333333333,-0.5,-0.4,-0.5,-0.5,-0.25,0.0,0.0,0.0,-0.2090163934426229,-0.44357679100197017,-1.2187317035188587,0.6112398693354567,-1.2805580235779037,-0.07706861755802219,-0.07706861755802219,0.48717948717948706,-1.3444651624309814,-1.4595622718437502,-0.42650434995957026,0.4381233547655459,-1.2187317144867957,-1.1509820089095715,-1.292580141861267,-0.6971167881801975,-0.2664549090918128,2.0,-0.2,-1.0458367202090095,-1.271734807864652,-0.5218614079181192,-1.1710473399145902,-0.7728790424962024,-0.8447010308459608,0.0,0.2007891266071017,-0.7636902319801053,-0.2626855455741131,-1.1920974921440477,0.0,-0.3860720234872264,-0.09089719165767282,-0.2664549090918128,-0.802271259769532,-0.8831656927985034,-0.46803472453407624,-1.0089735776770272,1.703585192472684,-0.1887821122237715,0.0,-3.4243732598180707,2020
27,Uni,2020-09-30,15,0.7,0.75,0.0,0.6666666666666666,0.5,0.0,0.5,0.5,0.25,1.0,1.0,2.0,6.8237704918032795,1.630575867867933,0.0,-0.8245476638091565,0.0,-0.6292885973763875,-0.6292885973763875,0.12307692307692296,-0.42583430623450524,-0.3792225753212901,-0.7589053117810152,-0.3897550929224783,0.0,0.06912213493270362,0.0,0.0,-0.5760287679777673,-1.0,-0.8,-0.30201548943632006,-0.24724911352200338,-0.006059483608829825,-0.18413800386542756,-0.18994356833075268,0.11549068426570094,0.0,-1.817859475668228,-0.3886842323519443,0.174520715674736,-0.6115535300469721,0.0,-0.6544024508067452,-0.3494322272185857,-0.5760287679777673,-0.13993601241145207,-0.029918376365820162,1.5569632313002646,0.0,0.0,-0.341015113343474,-1.0566767106109938,1.480028222925404,2020
28,VTB,2020-09-30,16,0.6,1.0,1.5,1.0,2.0,0.8,1.0,1.5,1.5,1.3333333333333333,3.0,0.0,3.9836065573770503,1.378650634205964,0.42427683739035654,-2.336846991347347,0.5215509288062959,0.02169525731584257,0.02169525731584257,0.9076923076923075,0.0,0.0,0.2213789410173674,2.696764532379954,0.42427684120862247,0.6262220068155382,0.4846238738638427,-0.6971167881801975,0.3369572587914481,0.0,0.4,0.49109972428610654,0.11741888338912881,1.112167029500925,0.1507957977941602,0.6604016995545641,0.0,0.0,-1.2766214246842869,0.5548835869850457,0.7400464365796598,0.3526502001544913,0.0,0.01496009999512243,-0.17622434372653617,0.3369572587914481,0.6126721151569371,-0.17003085280084373,0.6804933812836191,-0.12236073526536485,0.113776229028626,-0.20226211602653485,-0.9445486892487003,5.929975921694381,2020
29,ABB,2020-12-31,0,0.7368421052631579,0.5,0.5,0.6666666666666666,1.0,0.25,0.0,1.0,0.75,1.3333333333333333,0.0,7.0,-0.3958868894601544,0.4196076843868375,4.2904981939050355,-1.6668173486903142,4.297670275427417,0.5960984969619443,0.5960984969619443,0.0,2.827964679615368,3.2234029517749074,0.0830620488125883,1.1504759231834476,4.2904993096123825,2.831880788923471,2.9452032318241996,-0.3682292046510039,-0.5968248603526544,-1.0,-0.8333333333333334,1.3704116062835197,2.7815714217083944,0.45128780619540326,2.4610044673927605,1.14694303910195,1.8889669200455572,0.0,2.4979330904847052,1.1535617028830742,1.6607413374651554,1.0047730914384827,0.0,-0.6567848340780807,-0.281350698881719,-0.5968248603526544,1.9207620889599335,2.5868238022796666,1.2252442667466252,-0.7338947488156186,0.9668579884001891,3.449336324332603,0.7768691204133132,16.188437262127465,2020
30,ACBA,2020-12-31,1,0.10526315789473684,1.0,1.5,1.0,1.5,0.75,1.5,2.0,1.25,1.3333333333333333,2.0,0.0,0.0,0.12047315762964889,1.5374799429637798,-0.5472290519768934,1.5285922736604998,-0.018867924528301994,-0.018867924528301994,0.12162162162162173,0.9382179818555281,0.8995851090248904,1.5130938810033214,0.2883823745739245,1.5374803427722847,0.888162792732534,0.9097585798538971,0.0,0.16612188962014532,0.0,-0.16666666666666666,0.9852153300964771,0.8935776539957809,1.3013527251872836,1.2347322059360384,0.9985645449337871,0.7555190871082421,399958.0,-0.19350158448619026,1.1327054940377008,0.6107652549743643,1.9390339258332372,0.0,0.1206005482342662,0.6072112551992981,0.16612188962014532,0.8360114944648357,0.7182789132898221,-0.2623824464527754,0.5426677876766466,-0.36370354804742305,0.7814675079933412,-0.5856820668733722,6.931025335914725,2020
31,Ameria,2020-12-31,2,-0.21052631578947367,0.0,0.0,0.3333333333333333,-0.5,-0.25,0.0,-0.5,0.0,0.0,1.0,0.0,-0.1953727506426737,0.8361137919180307,4.841436300345064,-1.9060747569896783,4.852853692317901,0.0,0.0,-0.21621621621621612,4.131749224097157,4.326682469130993,3.773316086451762,0.8151055420776789,4.841437559319152,2.8022680318363373,3.616647363145289,6.489533961937435,1.9820504258289138,0.0,0.6666666666666666,1.9689152443923579,2.0742668808150784,2.0587609927907287,1.4100283906618096,0.616358026177078,1.1353659785427603,0.0,0.5321280935034621,2.0790193168466704,1.4874005059783977,1.755718795129547,0.0,1.8168232635966401,1.9339198637493982,1.9820504258289138,1.3111163795715262,6.2058422157426545,2.2115070337453835,-0.3509517114604,0.35850200868203885,1.9348862308447945,0.6483200924691103,28.143645109809842,2020
32,Ararat,2020-12-31,3,0.5789473684210527,0.75,1.5,0.6666666666666666,0.5,0.75,0.5,0.0,1.25,0.6666666666666666,0.0,1.0,-0.08483290488431879,-0.40532193119141385,-0.07593963216555447,0.4527709480231066,-0.11756637880176558,-0.08474576271186413,-0.08474576271186413,-1.0472972972972971,-0.385867980410438,-0.4225161475518196,-0.34844246116582867,-1.2230278524640628,-0.07490119882244267,-0.37309736187786074,-0.39046728604905157,0.43944448759868127,-0.23434045710343743,0.0,-0.3333333333333333,-0.3871309549418324,-0.2501806215747919,-0.1601828347141937,-0.40950049769013996,-0.03438064109290985,-0.3139468938776847,0.0,-0.737115397392603,-0.3743423829907781,-0.4253781060614782,-0.1781270461201588,0.0,-0.37333416371377887,-0.29860106521919927,-0.23434045710343743,-0.3106690926165939,0.05499192583912437,-0.6537293255934358,0.816986937336741,-0.49527075554603955,-0.27699538399968043,0.05485219735333289,-3.1533369795703625,2020
33,Armswiss,2020-12-31,4,-0.7894736842105263,-0.25,-0.5,-0.3333333333333333,-0.5,-0.5,-0.5,-0.5,-0.25,0.0,0.0,0.0,0.06169665809768621,-0.42472627954064235,-0.2965984059248401,0.33803736233186465,-0.32564125966994184,0.46338343460185505,0.46338343460185505,1.3783783783783787,0.3506713057940407,0.2713196307065001,1.0761852276791921,-1.1377079376338801,-0.29659848305271796,-0.14009802114316078,0.1943363072822716,3.719752378498147,1.1214428412360729,1.0,0.6666666666666666,0.08259720655837294,0.5670090737762998,-0.002317104781539539,-1.1714559603318635,-0.6501388761859834,-0.7355345050482578,0.0,-0.023100710924432864,0.01587146513582483,0.0,-0.8863543091589773,0.0,0.9630267000894795,1.0497820716604136,1.1214428412360729,0.573236005538163,-0.00919970031605016,-0.007913735365350715,-1.439587335371499,4.068486854901052,0.6694917820030688,5.093629597804599,14.27501136146477,2020
34,Artsakh,2020-12-31,5,-0.42105263157894735,-0.25,-0.5,-0.3333333333333333,-0.5,-0.5,-0.5,-0.5,-0.25,0.0,0.0,16.0,-1.0642673521850903,-0.7302463397350308,-0.34522898589045975,0.32068647385315613,-0.3720368051754718,16.98177166613367,16.98177166613367,0.8243243243243245,-0.7014658010922177,-0.8136006689544825,-0.08160874608801041,-0.1921328655995554,-0.34522881562285956,-0.33943629172642265,-0.4570798237647704,-0.5605555124013187,-0.10065517927871828,0.0,-0.16666666666666666,-0.3590809263585637,-0.3888204817135636,0.0,-1.1235931389671683,-0.6136623359118895,-0.7078627855320879,0.0,-0.5583537231814518,-0.3322665762528387,-0.10639201250715505,-0.6942925324406097,0.0,-0.2140428476309887,-0.024852381515741092,-0.10065517927871828,,,,-0.6516808257847954,0.8082773344700698,-0.6113855913520533,0.20991416124642973,-3.3237673195559703,2020
35,ASHB,2020-12-31,6,0.15789473684210525,1.25,1.5,1.3333333333333333,2.0,1.0,1.0,1.0,0.75,1.3333333333333333,2.0,0.0,0.5758354755784061,1.5670258310040086,3.8788426695331237,-1.6420168806105726,3.893287920792496,-0.9194115765909817,-0.9194115765909817,0.09459459459459468,3.1995912675603804,3.3964694336113257,2.4576693794253783,1.8732979531049754,3.8788436781929736,1.1596015492854967,2.3362454830621866,11.090644448667552,2.3229820871751303,0.0,1.1666666666666667,2.0928697260358495,2.7955196718503132,1.6937618682248783,2.1066743005418127,0.9923519416190508,1.621778594014866,0.0,1.6255831689146052,1.9695495832394903,1.5431733697333412,1.228029445171209,0.0,1.9829929231437105,1.403927044081146,2.3229820871751303,1.715333459425132,3.693957786618332,0.6938542152821372,-0.5987030518869475,0.7155707203851345,2.647101521730668,2.3087231770183054,26.69945974997158,2020
36,Byblos,2020-12-31,7,-0.6842105263157895,-0.25,-0.5,-0.3333333333333333,-0.5,-0.25,-0.5,-0.5,-0.25,0.0,0.0,0.0,-0.7223650385604115,-0.7395511771129305,-1.0514026838099333,1.0394039095002732,-1.1116048337022855,0.49344419571474274,0.49344419571474274,-1.5067567567567568,-1.1680603889040648,-1.267402749207136,-0.8507154270883795,0.02092359238308991,-1.0514029572182058,-0.619893455598816,-0.7562189510432571,-0.5605555124013187,-0.20948519726562048,0.0,0.0,-0.9231109349674489,-0.8181786393288836,-0.6334396984433963,-1.2741928621516498,-0.7023755770461974,-0.8090020808500972,0.0,0.0,-0.7730412888810113,-0.6623782111368642,-0.9485111666095022,0.0,-0.32199787703469923,-0.13658794852182388,-0.20948519726562048,-0.7283633028607535,-0.7793584729353263,-0.9924182573759184,0.0,0.0,-0.2930090353314969,-0.35167990753088973,-7.303779077184586,2020
37,Converse,2020-12-31,8,0.0,0.0,0.5,0.0,0.0,1.0,1.0,0.0,0.5,0.3333333333333333,0.0,1.0,0.3059125964010282,0.0,0.6547710141095402,0.0,0.6279631948245282,-0.5606012152222575,-0.5606012152222575,-0.3310810810810809,0.062498869765678935,0.03037011801113833,0.23335625856921272,-0.42840395296222245,0.6547711843771404,0.45104189230372566,0.5315757557956448,0.8589481790003747,0.18191338276451974,0.0,0.16666666666666666,0.0,0.0,0.3103926468204883,0.28189274580508933,0.48259594972537656,0.09114570473137384,0.0,0.9536425849801686,0.2910495942607616,0.04595688774054364,0.5930746127799887,0.0,0.014402826712728358,0.0,0.18191338276451974,-0.24617854279541387,0.8182227907533642,0.11371745223483785,0.40129694811305255,-0.28442927961486547,0.7230046160003195,0.0,2.916032645289372,2020
38,Econom,2020-12-31,9,0.8421052631578947,0.5,0.0,0.3333333333333333,0.5,0.75,0.5,0.0,0.25,0.6666666666666666,1.0,1.0,-1.1028277634961443,-0.7138671984001426,0.3296438991593974,0.7076860115920853,0.2619003995717048,5.497921330348577,5.497921330348577,-1.2837837837837838,0.0,0.0,-0.1541696836888321,0.0,0.3296440028143658,-0.28082653420704184,-0.3527508472802078,-0.15266667027140088,0.7656595428965626,1.0,1.0,0.011672467240332654,0.15274001606009327,0.20780019337998198,0.0,0.0,0.07274606195350394,0.0,-2.4342965430180055,0.0,-0.42377319588133877,-0.0014562103714581235,0.0,0.6450762408310887,0.8634120514781761,0.7656595428965626,0.24617854279541407,-0.13718036099072822,-0.40187491701457184,0.0787657081351782,-0.0642625750987859,-0.02915664557243823,0.12911583502968668,1.7290519553292203,2020
39,Evoca,2020-12-31,10,-0.2631578947368421,0.0,-0.5,-0.3333333333333333,-0.5,-0.25,-0.5,-0.5,0.0,0.0,0.0,0.0,-0.42416452442159397,-0.5803923156131625,-0.4022458285193547,0.6155067577396404,-0.4478136143149503,0.9117364886472659,0.9117364886472659,-0.013513513513513526,-0.6405489857050485,-0.6881040596683529,-0.6009042618738143,-0.42466991205284405,-0.40224593311994095,-0.20647842268441507,-0.3152652936566005,-0.5605555124013187,-0.40180702392003353,-1.0,-0.5,-0.5074398975878819,-0.43299092622370017,-0.22192355832519517,-0.7181072541949107,-0.04741237803204983,-0.6123188612972799,0.0,-0.039072678373857854,-0.4107170286151839,-0.27212369601813274,-0.4069253872200113,0.0,-0.5060858949196286,-0.2998321465677897,-0.40180702392003353,-0.3960229989805798,-0.31550791411171025,-0.3066745441376338,0.3374996305680115,-0.24558787361258724,-0.22186136530110095,-0.5434127794527486,-6.205825554456431,2020
40,HSBC,2020-12-31,11,-0.42105263157894735,-0.25,-0.5,-0.3333333333333333,-0.5,-0.5,-0.5,-0.5,-0.25,0.0,0.0,0.0,1.8586118251928023,0.19607454743258745,-0.11503828786462038,0.2498488115364847,-0.14204836167180032,-1.2804605052766227,-1.2804605052766227,-1.2432432432432432,-0.4391630643426985,-0.5179002130567875,-0.028919242257427813,-0.536308943308564,-0.11503832674628926,0.08909778939704015,0.0,-0.5605555124013187,0.036601436174276185,0.0,0.0,-0.6171212601472769,-0.9116872301506409,-0.027242776333000797,-0.04549491935843933,-0.18720124771949417,0.1287995787357185,0.0,0.11799077907033848,-0.09518463619478681,-0.4882799306257521,0.3768084135407648,0.0,0.0,0.5145381219391347,0.036601436174276185,-0.3560410774518442,0.00919970031605016,0.007913735365350715,1.0054153008533864,-0.57198244047222,0.33913494581676085,-0.2286451080081768,0.3054570748489074,2020
41,IDbank,2020-12-31,12,-0.2631578947368421,0.0,-0.5,-0.3333333333333333,-0.5,-0.25,0.0,-0.5,0.0,0.0,0.0,0.0,2.6812339331619537,0.0914369167219992,-0.5564215630828906,-0.4212937491312401,-0.5282995125955898,-0.12695874640230248,-0.12695874640230248,-0.5608108108108109,-0.771963633612682,-0.9033129416548412,0.0,0.5715960470377776,-0.5564217077755576,-0.5706004042190799,-0.6129476306455534,0.3241342934059344,-0.28331020345802244,0.0,-0.3333333333333333,-0.5825138877847849,-0.6545130283589621,-0.17403171892371505,-0.5192602144663685,0.8186474374094417,-0.8831506243330025,0.0,0.39100193835958735,-0.3101775147846704,-0.4361272690711213,0.0,0.0,-0.3549237591689113,-0.006188204343105066,-0.28331020345802244,-0.3761572565651426,-0.6346648565427775,0.5740604569701994,0.9963151931582835,-0.5684953410455229,0.0,-0.2930986984958161,-1.8156811310904233,2020
42,Ineco,2020-12-31,13,0.10526315789473684,0.25,-0.5,-0.3333333333333333,0.0,0.0,0.0,0.0,0.0,0.0,0.0,0.0,0.06426735218508998,-0.1513954131846069,0.5370047218313183,-0.2631243029717245,0.5306090662597456,0.4454748960665176,0.4454748960665176,0.831081081081081,0.35945101429495147,0.3118959403316471,0.7909776097503621,-0.8135914468522556,0.5370048614748018,0.4035433364548436,0.4094928777289933,0.16227231982186635,0.8458847148369951,0.0,0.6666666666666666,0.45656292962369777,0.3268159459149018,0.8398171652858063,0.23972013793501926,0.7913092871343368,-0.11727563024598528,0.0,0.4416462768185482,0.6677334237471614,0.5521149421852692,0.26858750849567764,0.0,0.6963818461738542,0.8011317514738422,0.8458847148369951,0.3787797800532106,0.3572330012325723,-0.5981635586274381,-0.47867832420004547,0.5285770760283571,0.4872306262449246,0.8685906797321954,6.709856444917308,2020
43,Mellat,2020-12-31,14,-0.7894736842105263,-0.25,-0.5,-0.3333333333333333,-0.5,-0.5,-0.5,-0.5,-0.25,0.0,0.0,0.0,-0.5295629820051415,-0.7552625896885014,-1.2298177538569202,1.0981896822035953,-1.2901264433942863,-0.5065558042852573,-0.5065558042852573,0.43918918918918914,-1.304756366233633,-1.4930393527965864,-0.2090223902496379,0.4381233547655459,-1.2298180736605053,-0.9586315809234117,-1.1175212825167893,-0.5605555124013187,0.0,2.0,0.0,-1.04219344450294,-1.1945812386193881,-0.5373470723362308,-1.2054669751732723,-0.7633867497196001,-0.7080462829301155,0.0,0.12001580153046633,-0.7384326194585865,-0.6307146375401289,-1.0584579222421198,0.0,-0.13578437523182726,-0.031947205234496984,0.0,-0.7866126165489528,-0.9537166736639296,-0.927268891769856,-0.8952173887462165,1.3433254294727843,-0.4593318490283196,-0.18703193474682117,-3.724105554297296,2020
44,Uni,2020-12-31,15,0.7894736842105263,0.75,0.0,0.6666666666666666,0.5,0.0,0.5,0.5,0.25,1.0,1.0,2.0,3.480719794344473,0.8637921450040051,0.0,-0.18519083623997493,0.0,-1.4192516789254874,-1.4192516789254874,0.3108108108108108,-0.44333558627155173,-0.461857835583088,-0.5979818565220066,-0.3897550929224783,0.0,0.0,-0.030825711999798285,0.06575839673379429,-0.5532543676689484,-1.0,-0.6666666666666666,-0.29493975391409477,-0.22349916000461942,-0.02166177931281507,0.10782883661318576,-0.20869071286566315,0.29213721446791213,0.0,-1.4290491060724675,-0.2549472470498282,0.006051509472827726,-0.298940225858152,0.0,-0.6423575080893403,-0.38391582261652224,-0.5532543676689484,-0.29551484304340386,-0.11687487137635885,0.5407170777862157,0.10365969348312314,-0.08359788977147098,-0.2624400865140687,-0.6461801974636286,-1.28708218342957,2020
45,VTB,2020-12-31,16,0.631578947368421,1.0,1.5,1.0,2.0,0.75,0.5,2.0,1.5,1.6666666666666667,3.0,0.0,1.6323907455012854,0.5910580315198095,0.422599840958694,-1.9520451011640574,0.533268126197168,0.48608890310201475,0.48608890310201475,1.094594594594595,0.06956870344165728,0.030373490030950148,0.3092968760766927,2.696764532379954,0.422599950852167,0.6605637082735774,0.6095327139509484,-0.5605555124013187,-0.04149632738476924,0.0,-0.16666666666666666,0.4925601024121182,0.11958761731323293,1.0689560869211807,0.14196066278144442,0.39492632582230586,0.0,0.0,-2.267191025192897,0.5709416289133075,0.5746218939385218,0.5155656900443585,0.0,0.040296729735893225,1.0368270196000802,-0.04149632738476924,0.37134712756271404,-0.2371441850884864,0.5148138631106056,-0.1122210851649921,0.10055474286008827,-0.5654901882960743,-0.5940475644374916,2.8755724529564954,2020
46,ABB,2021-03-31,0,0.9333333333333333,0.5,0.5,0.6666666666666666,1.0,0.2,0.0,1.0,0.75,2.0,0.0,5.0,-0.1755196304849884,0.5272139864243641,4.028205948546904,-0.4254565313157818,3.870842699439104,-0.6676324503311258,-0.6676324503311258,0.516279069767442,3.2652864452098016,3.7565029243798413,0.5406735783749157,1.1396451580861877,3.97984587961315,2.694102313963107,2.8251720034296346,-0.2260047684244486,0.11090110860743804,0.0,0.0,1.5876210174535683,2.139764837534634,0.6467724689461899,4.605444782083836,-0.3858578409412024,4.31273522303654,0.0,-0.4528703456230922,1.43397226022729,1.6268559908064577,0.10888753457808528,0.0,0.11251531747647223,0.6278211102338127,0.11090110860743804,2.297977246441635,3.269318600517868,0.7823838710245198,-0.6695722827903007,1.018543983045491,2.9329883352325243,0.9724868651113424,19.922014030399097,2021
47,ACBA,2021-03-31,1,0.13333333333333333,1.0,1.5,1.0,1.5,0.6,1.5,2.0,1.25,2.5,2.0,0.0,-0.06235565819861422,0.023188593361656434,1.4841642252409997,-1.1073063511977617,1.4675408378012422,0.603269867549669,0.603269867549669,0.46511627906976755,0.9389142705975781,0.911022278176383,1.364379639505344,0.2775516094766645,1.4358041563072457,0.7599002772069038,0.685920071504928,-0.3219771209937528,-0.29017386149490654,0.0,-0.5,0.8902098071406831,0.7077393822959565,1.038133296493314,1.3092973400491197,1.101460462744071,0.7130345937507256,3104.0,-0.6639269085231189,0.9827427892746614,0.6238889839757625,1.2673497028359884,161984.0,-0.3279183122565768,-0.002245478236660627,-0.29017386149490654,0.9684738243666995,0.6392539262188559,-0.8097572514044101,0.44251534962742367,-0.28593802730186363,0.1141533917477845,-0.24661122882123218,5.1516083974497136,2021
48,Ameria,2021-03-31,2,-0.2,0.0,0.0,0.3333333333333333,-0.5,-0.2,0.0,-0.5,0.0,0.0,1.0,0.0,-0.027713625866050626,0.9566306899998884,4.599110295268369,-2.504196958807792,4.523739712678619,0.0,0.0,0.0,3.9104092614601345,4.121816229204394,3.568751966467509,0.807126986126926,4.550750226334615,2.098487758021835,2.9000571013133407,7.008146345306703,2.3270823291599294,1.0,0.75,2.2387673590294623,1.4809954298638022,2.6094923901160674,1.8389917995254548,0.6141421590587975,1.4202139536046843,0.0,-0.13388569258253738,2.923588462334594,0.9728328157890642,2.04945473224022,0.0,2.4736908253609595,3.624986878557052,2.3270823291599294,1.3792691298958608,6.686151457971517,2.1967859461881356,-0.18915480913894475,0.18153940880961286,1.9916827644822088,0.42031817132438626,28.352546291739902,2021
49,Ararat,2021-03-31,3,0.5333333333333333,0.75,1.5,0.6666666666666666,0.5,0.6,0.5,0.0,1.25,1.0,0.0,1.0,-0.20785219399538093,-0.45964125573504083,0.0,0.38955079430244577,-0.030937300726154887,0.4538493377483446,0.4538493377483446,-0.8930232558139535,-0.3648226153825864,-0.41171346768162564,-0.2636165058674738,-1.2338586175613226,-0.04836006893375397,-0.2617731660628278,-0.34765199230287863,0.5818895091349552,0.6100340568130642,2.0,1.25,-0.3465038292089786,-0.1107029163734865,-0.2753841946449931,-0.4353036673188195,0.0,-0.2132766267565255,0.0,1.167204490146155,-0.030740875838705932,-0.4328629126368973,-0.19347906442822266,0.0,0.3976239298258077,-0.3454020181920249,0.6100340568130642,-0.3230647192690603,0.2985474588904577,-1.022047715400659,0.05076638600355714,-0.04113961511194275,0.6857946810080543,0.044421585931261845,2.6780697387654993,2021
50,Armswiss,2021-03-31,4,-1.0,-0.25,-0.5,-0.3333333333333333,-0.5,-0.4,-0.5,-0.5,-0.25,0.0,0.0,0.0,0.7413394919168593,-0.20290815775097285,-0.2340625039358537,0.0638255453382879,-0.23866724402392142,-0.0666390728476821,-0.0666390728476821,0.48837209302325585,0.25466760423528706,0.1616038745870935,0.9341507254039715,-1.14853870273114,-0.28242257286960765,-0.15364948413508386,0.10007387463142638,3.836126280953043,0.3884035878769459,1.0,0.25,0.25626589098667846,0.713710438804979,-0.13153966140545142,-1.1896307705115932,-0.6449297337532996,-0.5263601629748447,39126.0,0.639594030018709,0.0,0.0,-0.8007968834139416,0.0,0.38379072877718384,0.8401967988243187,0.3884035878769459,0.5179199872470487,-0.047003757977709275,0.07355179353922847,-0.9476726238442806,2.1797276976585827,0.3410166422379311,3.4787796859297417,9.464161019136533,2021
51,Artsakh,2021-03-31,5,-0.4666666666666667,-0.25,-0.5,-0.3333333333333333,-0.5,-0.4,-0.5,-0.5,-0.25,0.0,0.0,11.0,-0.7251732101616627,-0.7033177260766558,-0.567654109735959,0.3122533206119898,-0.570996898566221,10.244205298013247,10.244205298013247,-1.2604651162790699,-0.8183971225650112,-0.9799044863772819,0.0,-0.20296363069681536,-0.6160141786697129,-0.3289540117969999,-0.5226193029309989,-0.4181104908650448,0.4559592299661965,2.0,0.75,-0.40745700402443563,-0.2922606177040436,-0.1753885646982866,-1.133401323731424,-0.5173718562832981,-0.5442205912035739,0.0,0.0,-0.3227149838695834,-0.5144582678530545,-0.730465111164243,0.0,0.4079400880046229,0.6119977910336046,0.4559592299661965,,,,-0.5374012703892495,0.7041580110080743,-0.6557168234285073,0.7182301879481907,0.18349380902475398,2021
52,ASHB,2021-03-31,6,0.2,1.25,1.5,1.3333333333333333,2.0,0.8,1.0,1.0,0.75,2.0,2.0,0.0,0.7667436489607391,1.9255922635564802,3.7540505254734717,-1.8820148018,3.682240058269923,-0.7615894039735099,-0.7615894039735099,0.5534883720930234,3.5966813966998776,3.8973327953736057,2.4560431583512305,1.8624671880077155,4.016984550668373,1.328932150185375,2.5090297007455185,11.525464279003298,1.3259204560114668,0.0,0.5,2.2890213073728027,2.2628745241266754,1.7895921542036741,1.9468384464887816,1.1286847564631852,1.2460662938227103,0.0,1.2252303450604172,2.394040644105961,1.585696662006175,1.054569344536432,0.0,1.3435643374995048,1.8469697453755471,1.3259204560114668,1.949344422085391,4.804960706514697,0.07677986840326557,-0.4554299670611622,0.5495055200443912,2.7109372312792854,0.7860375223071986,24.64187410945046,2021
53,Byblos,2021-03-31,7,-0.8,-0.25,-0.5,-0.3333333333333333,-0.5,-0.4,-0.5,-0.5,-0.25,0.0,0.0,0.0,-0.46651270207852186,-0.7099218237723345,-0.9388013594551968,1.095005437194108,-0.9665090476382884,0.29987582781456945,0.29987582781456945,-0.8046511627906977,-1.3182731034183146,-1.4642818841331258,-0.7992844644271648,0.010092827285829933,-0.9871614283889507,-0.5417507982199345,-0.7569088039589649,-0.4181104908650448,-0.5933538956387809,0.0,-0.5,-0.9436167808819325,-0.593989003515745,-0.8067823227115194,-1.3500561961453608,-0.6537552294766733,-0.6594640263932081,0.0,0.5890700389652408,-0.7974919600349366,-0.3984035778350275,-0.8727292334608735,0.0,-0.6611630763093795,-0.4806144942881788,-0.5933538956387809,-0.8008209935421146,-0.9293248734004403,-1.3781019781896606,0.4440597872364014,-0.2867069521489619,-0.33735399623416523,-0.3325949781934477,-8.600854462398164,2021
54,Converse,2021-03-31,8,0.0,0.0,0.5,0.0,0.0,0.6,1.0,0.0,0.5,0.5,0.0,1.0,0.7921478060046191,0.3074564219590614,0.6852533824160282,-0.3159627023476748,0.6616577694309821,-0.5465645695364238,-0.5465645695364238,-0.2790697674418604,0.15157741189053503,0.13446315969170008,0.210225012484291,-0.4392347180594824,0.6368933134822742,0.5262809700802067,0.5631649747612011,1.009295420373047,0.0,0.0,0.0,0.0,0.0,0.23099749285813467,0.3118199225741997,0.567157852657987,0.13393624261174156,0.0,0.8384067858599783,0.4662255203889475,-0.0997254829610497,0.8052758052374935,0.0,0.0,0.5155335064603139,0.0,-0.225329886971944,1.279366296756067,0.012865303188190897,0.6138102358453934,-0.3643415866548298,0.8390410768911558,0.0,3.242528730342835,2021
55,Econom,2021-03-31,9,1.1333333333333333,0.5,0.0,0.3333333333333333,0.0,0.6,0.5,0.0,0.25,1.0,1.0,1.0,-0.7921478060046189,-0.661425926944345,0.4370875230615088,0.6800575714164042,0.3731475370241784,2.4846854304635766,2.4846854304635766,0.7209302325581396,0.0,0.0,-0.12754493318155874,0.0,0.38872745412775483,-0.20286613891500815,-0.34156678365019505,0.0,-0.9838382495288794,-1.0,-1.25,0.009843764891795255,0.21350152433543898,0.0,0.0,0.013712084140298158,0.15319706845336445,0.0,-0.28701908874790755,-0.0369926744180176,0.33108266408227954,0.0927810110174524,0.0,-1.0652835287094249,-0.9291122602198926,-0.9838382495288794,0.225329886971944,-0.008967014584959495,-0.6611551718584672,0.5261461954601386,-0.3258805253583751,-0.20319751991931306,0.01629580072246096,-4.570792493858971,2021
56,Evoca,2021-03-31,10,-0.3333333333333333,0.0,-0.5,-0.3333333333333333,-0.5,-0.2,-0.5,-0.5,0.0,0.0,0.0,0.0,0.0,-0.4727860135756359,-0.3147466175839718,0.5030776209301191,-0.33834223056901797,0.2533112582781456,0.2533112582781456,-0.055813953488372044,-0.7150168731607631,-0.7841669412708516,-0.5690705517471848,-0.435500677150104,-0.36310668651772576,-0.15865084767043525,-0.2935713916417509,-0.00678896750236963,-0.5440407700338036,0.0,-0.5,-0.5449843664972653,-0.23963743445176341,-0.489011078085099,-0.6840444573949964,-0.018591780330964706,-0.4171112869546889,0.0,0.47154974749961315,-0.41703942485851175,-0.19188407601121185,-0.4079465565938342,0.0,-0.6023760701741924,-0.3721788897661873,-0.5440407700338036,-0.4317244222138355,-0.304916579797055,-0.7434409074913488,0.46259872961075055,-0.29584198899192565,0.0,-0.4400285891240745,-4.945494801639425,2021
57,HSBC,2021-03-31,11,-0.5333333333333333,-0.25,-0.5,-0.3333333333333333,-0.5,-0.4,-0.5,-0.5,-0.25,0.0,0.0,0.0,1.8267898383371826,0.3059276752936531,-0.038436606026547845,0.16597987998937122,-0.05639408522232689,-0.8838990066225167,-0.8838990066225167,-0.9813953488372092,-0.5069501952634242,-0.6128575242828461,-0.0034844777652269236,-0.547139708405824,-0.08679668343019546,0.14572243635095156,0.0,-0.4181104908650448,0.21951092105356884,1.0,0.5,-0.5796907041378823,-0.6404930925293213,-0.08506308735807018,-0.33940806726886735,-0.2061223645849846,-0.024138996607965476,0.0,0.7559228572634303,0.13464417159330147,-0.4637132930708343,0.438310709326984,0.0,0.19477477674393823,0.5511599355566001,0.21951092105356884,-0.36056284600445965,0.008967014584959495,0.17887372276416602,0.7066723532980603,-0.4017362198469474,0.6681505135582256,-0.28176981205180934,2.2841533503541047,2021
58,IDbank,2021-03-31,12,-0.3333333333333333,0.0,-0.5,-0.3333333333333333,-0.5,-0.2,0.0,-0.5,0.0,0.0,0.0,0.0,1.3672055427251733,-0.10222206647156584,-0.3834062010988044,0.0,-0.37853790747075106,-0.23282284768211925,-0.23282284768211925,-0.4837209302325582,-0.8550222065328665,-1.0213908052785394,-0.012478573203687646,0.5607652819405176,-0.43176627003255835,-0.37819960088764937,-0.4874232817341905,0.4671813417904981,-0.4416677153600738,0.0,-0.5,-0.5453294718427857,-0.41352617714919815,-0.28680095887427426,-0.16758939349789784,0.043882804584708904,-0.006267851050566143,0.0,-0.031235493536271433,-0.2870627243491036,-0.3157332716874018,0.0,0.0,-0.5234779175608977,-0.43533524716234534,-0.4416677153600738,-0.3960776758787757,-0.7304637094795977,-0.012865303188190897,1.0070676973055737,-0.5036578056459771,-0.17958393850394058,-0.2635825220720504,-3.5678084655792315,2021
59,Ineco,2021-03-31,13,0.13333333333333333,0.25,-0.5,-0.3333333333333333,0.0,0.0,0.0,0.0,0.0,0.0,0.0,0.0,0.36258660508083146,0.0,0.5462012920873568,-0.6104492056975542,0.5433882791877737,0.18129139072847694,0.18129139072847694,0.33488372093023255,0.2849831268392369,0.2158330587291484,0.7916312444781021,-0.8244222119495156,0.4978412231536028,0.4322586294555859,0.38845989155427946,0.3044876152103478,0.8855586607433297,1.0,0.75,0.42760531477604274,0.24915897953061164,0.7246158053550069,0.3159555426050035,0.6986167301900187,0.06934647515991148,0.0,-0.36040596998129104,0.6268825130128791,0.21517690233639564,-0.2726807053042552,0.0,0.9017509395401957,1.4342307639646383,0.8855586607433297,0.40023390240110013,0.2818368651286262,-0.25399291667459917,-0.639789542765607,0.9391785847621968,-0.15011744655543732,0.8478378148703232,7.586768637944374,2021
60,Mellat,2021-03-31,14,-1.0,-0.25,-0.5,-0.3333333333333333,-0.5,-0.4,-0.5,-0.5,-0.25,0.0,0.0,0.0,-0.323325635103926,-0.7284121060590263,-1.1007250847258283,1.1756097265325822,-1.125785543067631,-0.4590231788079471,-0.4590231788079471,-0.33488372093023255,-1.4496694455732422,-1.6958388877309936,-0.20836875552189793,0.4272925896682859,-1.149085162129476,-0.8666924326624228,-1.1146699087034357,-0.4181104908650448,-0.4190689660357885,2.0,-0.375,-1.0445843056234494,-0.8522350827062626,-0.6907186411671707,-1.2859780210631477,-0.7722153682861101,-0.5430702645929827,0.0,0.3670567879700094,-0.7365797584728863,-0.3761110160242375,-0.9771137240322925,0.0,-0.46306046253656047,-0.16195739980922563,-0.4190689660357885,-0.8348705020959426,-1.1698385595512757,-1.2765833342014172,-0.5444960418414738,0.7188033144194018,-0.4885743419497793,-0.1971318448911478,-5.344288196983808,2021
61,Uni,2021-03-31,15,1.0,0.75,0.0,1.0,0.5,0.2,0.5,0.5,0.25,1.0,1.0,2.0,3.646651270207852,1.0762238893325278,-0.01315116997562966,-0.46601139625677335,0.0,-0.9385347682119207,-0.9385347682119207,1.5116279069767442,-0.49358969301274525,-0.5228382579896492,-0.5744061924370485,-0.40058592932496695,0.0,0.0,-0.07873163144378113,0.3908798605027676,-0.7543683027075285,-1.0,-0.875,-0.19576657966015193,-0.1230118004197625,0.015439327801221783,0.3033696873829247,-0.3129863327153304,0.5828887130453111,0.0,-0.7248758598376682,-0.054738025879347514,0.48033635561404014,-0.5354429364926772,0.0,-0.7281924899625277,0.0,-0.7543683027075285,-0.3232848495685561,-0.04509019721685666,0.4232988578290454,-0.47753618858508423,0.5887484718603951,-0.3142053189919457,-0.5405804273657822,-0.916031924054641,2021
62,VTB,2021-03-31,16,0.8,1.0,1.5,1.0,2.0,0.6,0.5,2.0,1.5,2.5,3.0,0.0,1.4826789838337182,0.6926218774426999,0.5116937172624317,-2.8093398203253765,0.6222225037868778,0.45343543046357615,0.45343543046357615,1.7302325581395352,0.14604111190320904,0.1240596873933962,0.24009463058791902,2.6859337672826937,0.4633336483286778,0.7382268339371723,0.6523480076971214,-0.4181104908650448,-0.7463111714736398,-1.0,-0.875,0.4550156335027347,0.13085719585723968,0.9128889787960786,0.18731424051950216,0.6194112660330413,0.0,0.0,-0.5054129330838808,0.7129372756508964,1.0027513942575925,0.46455706350732284,0.0,-0.831827427879788,-0.7389220791667998,-0.7463111714736398,0.4472821789404723,-0.16598511493010337,0.5025697056429168,0.0,0.0,-0.4402686902018394,-0.459619831164614,0.5486054246337808,2021
63,ABB,2021-06-30,0,0.9333333333333333,0.5,0.5,0.6666666666666666,1.0,0.2,0.0,1.0,0.75,1.3333333333333333,0.0,5.0,0.0,0.6195485921002963,4.0041469802031555,-0.45811472593733865,3.9405532271566797,-0.593000773395205,-0.593000773395205,0.650375939849624,2.989621745317086,3.4600277249707085,0.5313342701753649,0.7218061656302159,4.0041469802031555,2.7782615742356205,2.9017425726108614,0.22397948477875015,-0.669825807879264,-1.0,-0.75,1.57402965843234,2.2834023035527635,0.5329406178903754,2.2765096984391575,-0.41843364087565915,2.513645078449307,0.0,-0.06334060702241619,0.8334510774731198,1.6640923938140675,0.013428390395182187,0.0,-0.6382121732210884,-0.2630600528538015,-0.669825807879264,2.1116450683354118,2.7525081421475046,0.992480278427844,-0.5904637195097441,0.9060568852701245,1.9805421386256585,1.7937985038503663,16.68038563103444,2021
64,ACBA,2021-06-30,1,0.13333333333333333,1.0,1.5,1.0,1.5,0.6,1.5,2.0,1.25,1.6666666666666667,2.0,0.0,0.5123966942148761,0.3856201550488989,1.6137474905413873,-0.6824255409932581,1.6365045236386202,-0.20726991492652744,-0.20726991492652744,0.6466165413533834,0.8671713700351047,0.8655464014133569,1.592186619522358,1.0790284174083984,1.6137474905413873,0.7361952979999251,0.7128587884609097,-0.30435089726392156,0.0,0.0,-0.125,0.9018812815132152,0.7226374452791774,1.082828091205175,1.207652674647674,0.9975369763363839,0.717209596847956,6163.0,-0.5816306288434835,0.8387458427788679,0.7040302048014705,0.9339011179849821,307453.0,0.0,0.26739973471846745,0.0,0.7350131730655981,0.5847011106074657,-0.5236255221122293,0.18494588569560141,-0.16595961520665564,0.16169272465874715,-0.26179919973391685,6.855669365111342,2021
65,Ameria,2021-06-30,2,-0.13333333333333333,0.0,0.0,0.3333333333333333,-0.5,-0.2,0.0,-0.5,0.0,0.0,1.0,0.0,-0.20936639118457295,0.5522926639305917,4.700416994106709,-1.2572628090309692,4.6799395114002404,0.0,0.0,0.0,3.6064112680445484,3.8046496900784814,5.244762621845667,1.2771056130200698,4.7004169851794675,2.5453317192734066,3.387302743443897,7.217823810371322,2.8289589759659726,1.0,1.375,2.1755049137878903,1.5123772058847171,2.5232538200863464,1.7072851947264738,0.6214534008315415,1.3946809259128967,0.0,0.0,2.4335870174454124,0.5217953972453022,2.160241123187616,0.0,2.885029179501817,3.7506009335479886,2.8289589759659726,1.0302468067843584,7.277154070438778,2.3379861518340475,-0.17943770643363485,0.2000508022924336,2.5116933415666054,0.323505278874792,31.296639145120878,2021
66,Ararat,2021-06-30,3,0.5333333333333333,0.75,1.5,0.6666666666666666,0.5,0.6,0.5,0.0,1.25,0.6666666666666666,0.0,1.0,0.06887052341597796,-0.2774523286153523,-0.11579029771554313,0.2897527642446122,-0.12014488774807489,0.045823665893271553,0.045823665893271553,-0.14661654135338342,-0.2789534696776519,-0.31068961762447794,-0.5925817000329111,-0.78147715028718,-0.11579029771554313,-0.42165588901721845,-0.4193071083204991,0.44120433434602885,0.08217430499140846,1.0,0.625,-0.35115162960434,-0.1180619401512318,-0.26133104095424314,-0.49599276405515985,0.1177000006196286,-0.36525012312671495,0.0,0.8827464788732394,-0.1295145498985999,-0.28055035243827675,-0.2898328472213139,0.0,0.001484614500661682,-0.17106001235280419,0.08217430499140846,-0.3413160245349794,0.27718627308721006,-0.8137549375205948,0.23595707805586252,-0.20610424428782165,0.3087512198618479,0.0,-0.09996143034391364,2021
67,Armswiss,2021-06-30,4,-1.0,-0.25,-0.5,-0.3333333333333333,-0.5,-0.4,-0.5,-0.5,-0.25,0.0,0.0,0.0,-0.08815426997245163,-0.3741497070216362,-0.40365463036218413,0.41186473376059474,-0.4093867762308705,0.2931167826759474,0.2931167826759474,-1.2932330827067666,0.42409003250990807,0.3763342156229473,1.1706935763668145,-0.7274388943569924,-0.40365463036218413,-0.3391603874343408,0.0,3.637125805314539,1.1839658298890452,2.0,1.25,0.2899139140740656,0.7577285865573065,-0.08402647059648612,-1.1875748219427187,-0.6415324654402151,-0.5763939703088722,0.0,-0.18100823249355286,-0.12063863063587188,-0.7306418633219185,-0.9245937803820012,0.0,1.1779112468661228,1.5316525419438454,1.1839658298890452,0.594781999792347,-0.2926819841239131,0.08201716135406155,-1.0103140987496275,2.518585008326666,-0.2454552985628397,4.173951222704719,12.276329215926138,2021
68,Artsakh,2021-06-30,5,-0.4666666666666667,-0.25,-0.5,-0.3333333333333333,-0.5,-0.4,-0.5,-0.5,-0.25,0.0,0.0,11.0,-0.38842975206611563,-0.5294591076775164,-1.05609580093738,0.7424444639400597,-1.0691998793217734,0.6264501160092809,0.6264501160092809,-3.3157894736842106,-0.6389326268000743,-0.7843650600959748,0.0,-0.12854908245905147,-1.05609580093738,-0.4507579912893566,-0.5539449506717408,-0.5587956656539712,1.0400119108262282,4.0,1.875,-0.4430462008912862,-0.27736255472082255,-0.24808697621966444,-1.1457787164721926,-0.5255689739570102,-0.6034202842468163,2250.0,-0.1236634596310256,-0.3845363450765433,-1.1318267062743383,-0.7817840238449209,0.0,0.9809147029350019,1.0253900752306027,1.0400119108262282,,,,-0.22118101984607094,0.2536331852087852,-0.8832422561906703,1.7590721684016557,4.374619841455048,2021
69,ASHB,2021-06-30,6,0.2,1.25,1.5,1.3333333333333333,2.0,0.8,1.0,1.0,0.75,1.3333333333333333,2.0,0.0,0.7024793388429752,1.2592562267330516,3.8267249833330643,-1.0370669717937853,3.81394548693902,-0.6486852281515855,-0.6486852281515855,0.5300751879699247,3.311466072630724,3.6136440115611617,3.3123606760741526,1.1796130202505095,3.8267249833330643,1.562207205006405,2.869210419432218,12.103299789958594,1.6650094974730336,0.0,1.0,2.3412820560437044,2.4301915177117634,1.7773989679384858,1.8261393771783603,0.7801170478415238,1.4149669316822626,0.0,1.459185512133836,1.944394388859607,1.3528749998588667,1.1633161995195556,0.0,1.4383332035917415,0.6151574982533945,1.6650094974730336,1.7057933218147618,4.759352208687955,-0.06418176558113739,-0.4305255474518966,0.5762418043777127,2.8096627746635354,1.7005363155824949,27.164734861909555,2021
70,Byblos,2021-06-30,7,-0.8,-0.25,-0.5,-0.3333333333333333,-0.5,-0.4,-0.5,-0.5,-0.25,0.0,0.0,0.0,-0.6887052341597797,-0.5421383274331322,-0.9993524000811629,0.7929925804787965,-1.0180775681724548,0.28944315545243615,0.28944315545243615,-0.4172932330827067,-1.1579340375978124,-1.2864135080105465,-1.3645825801189737,0.006392442353307572,-0.9993524000811629,-0.7910915740049739,-0.9095698143866396,-0.5587956656539712,-0.5295758290425151,0.0,-0.375,-0.9464624488896063,-0.6219130091832537,-0.7803352166094858,-1.3499943173208062,-0.6868180212780459,-0.7015039048758179,0.0,0.6354336110560074,-0.6859962897213479,-0.4094701627098512,-0.97718724976857,0.0,-0.5543706853198007,-0.478383605196278,-0.5295758290425151,-0.7424183537288586,-1.0821235255062578,-1.0857068344708412,0.6313615047787435,-0.45724426199955986,-0.4562621141608555,-0.31971819575151733,-9.324693191918847,2021
71,Converse,2021-06-30,8,0.0,0.0,0.5,0.0,0.0,0.6,1.0,0.0,0.5,0.3333333333333333,0.0,1.0,0.7906336088154271,0.16006291455202462,0.6116798165373408,0.0,0.6093187044019719,-0.5373163186388245,-0.5373163186388245,0.19172932330827067,0.1786313410613307,0.175156706179846,0.08045018539668922,-0.27819383436978407,0.6116798165373408,0.4603918766505355,0.5164165829798252,0.5759594349311392,-0.28710846129055734,0.0,-0.25,0.0,0.0,0.24995844683017693,0.26859467343536897,0.5398978852076065,0.10503500316611553,0.0,1.0751851484493817,0.30885739267603163,0.03286262528410149,0.7411075651818815,0.0,-0.26662854735135627,0.08545305428146169,-0.28710846129055734,-0.12017219414195991,0.9678693156811938,-1.092168901768174,0.7871830823904593,-0.5341245191870739,0.5681157342642963,0.15565207769648792,2.255461519283789,2021
72,Econom,2021-06-30,9,1.0666666666666667,0.5,0.0,0.3333333333333333,0.5,0.6,0.5,0.0,0.25,1.0,1.0,1.0,-1.0330578512396695,-0.5155964033929143,0.4052462413837952,0.5418852740626614,0.3660199244628663,2.59416086620263,2.59416086620263,-0.3496240601503759,0.0,0.0,-0.36026013398094103,0.0,0.4052462413837952,-0.42210717960904814,-0.4790765765456887,-0.1277195791415657,0.10247580334958573,0.0,0.5,0.01798543029392256,0.24718493873518482,0.0,0.0,0.0,0.16214557095616688,0.0,-0.4159392977583813,-0.05315876997564909,-0.3600531564762721,0.0,0.0,0.044469548412766076,0.0,0.10247580334958573,0.12017219414195976,-0.18550677044628586,-0.5184700483593416,0.5694744525481035,-0.4237581956222873,-0.22336529699413116,0.022883469137900653,-1.4889125405114363,2021
73,Evoca,2021-06-30,10,-0.3333333333333333,0.0,-0.5,-0.3333333333333333,-0.5,-0.2,-0.5,-0.5,0.0,0.0,0.0,0.0,-0.5399449035812672,-0.44784462812252224,-0.3324019810583407,0.5579321174145022,-0.3517149815719797,0.4160866202629543,0.4160866202629543,0.7293233082706767,-0.5759099674900919,-0.6236657843770528,-1.0578301308593627,-0.2758288407019353,-0.3324019810583407,-0.3027037516200253,-0.35608746614481396,-0.14478930416253175,-0.66181755940933,-1.0,-0.75,-0.5253562311706381,-0.2249614678753003,-0.4596332871397673,-0.6657826943476284,-0.04553340727567896,-0.4302399211989024,0.0,0.38704952721020963,-0.34579253904716417,0.0,-0.5121041166203807,0.0,-0.70503187318439,-0.7447748650810526,-0.66181755940933,-0.43014396850721476,-0.32062893547641913,-0.5114415279319163,0.4136800728992361,-0.3307065348672456,0.0,-0.36291271772777256,-7.050910332655044,2021
74,HSBC,2021-06-30,11,-0.5333333333333333,-0.25,-0.5,-0.3333333333333333,-0.5,-0.4,-0.5,-0.5,-0.25,0.0,0.0,0.0,1.6584022038567494,0.15555477368697743,0.0,0.19250886718043592,0.0,-0.7327919566898685,-0.7327919566898685,-0.39473684210526305,-0.4574473771823412,-0.5557706211551965,-0.17348213716443495,-0.3465365829072834,0.0,0.0,-0.08293427948967784,-0.5587956656539712,0.0861719317370054,1.0,0.375,-0.5536828291456976,-0.661040703427342,-0.012395994344560988,-0.4690047734505228,-0.37632832879971745,-0.05970766199957785,0.0,0.7716665013555511,0.06988165832665623,-0.3929559765470194,0.3952025321422499,0.0,0.04457179714346084,0.08959428125917601,0.0861719317370054,-0.36660853276912875,-0.20387423354622147,0.6261779224029737,0.8825909193256446,-0.5765871200865083,0.37186265633473303,-0.1547408071376048,1.4780784553681632,2021
75,IDbank,2021-06-30,12,-0.3333333333333333,0.0,-0.5,-0.3333333333333333,-0.5,-0.2,0.0,-0.5,0.0,0.0,0.0,0.0,1.8154269972451793,0.0,-0.3883201834626592,-0.140880866797014,-0.3508423414093995,-0.09899458623356544,-0.09899458623356544,-0.23684210526315785,-0.7380087569312511,-0.881787645777999,-0.24107886463001188,0.3551665720223602,-0.3883201834626592,-0.5513160789860216,-0.5670497434393498,0.3236087094122511,-0.4298549611858549,0.0,-0.375,-0.5221227830338492,-0.4171877389837624,-0.23354704870802956,-0.15348727079860586,0.03455668672197885,0.0,0.0,-0.2614725914170469,-0.2734085511882801,-0.34409289060356535,-0.048624644498795985,0.0,-0.45713399588039555,-0.3848425017466055,-0.4298549611858549,-0.3808152292499754,-0.9467579131692208,0.7303827902685902,1.2815898491083508,-0.7245474489194347,-0.43188426573570377,-0.2320400170903313,-3.4276919386354465,2021
76,Ineco,2021-06-30,13,0.13333333333333333,0.25,-0.5,-0.3333333333333333,0.0,0.0,0.0,0.0,0.0,0.0,0.0,0.0,-0.15426997245179053,-0.2080606348674031,0.49402527878635516,-0.01983911871815866,0.4966091461186528,0.406999226604795,0.406999226604795,1.0451127819548873,0.22250062657122355,0.20178256657384375,0.38975289409373065,-0.5221563420371471,0.49402527878635516,0.3327147279450011,0.32297166446433073,0.0,0.4704241709574849,1.0,0.625,0.4227858432244772,0.2413771405098596,0.7519130237803355,0.33421730565237157,0.6513768147372465,0.1026797650038697,0.0,0.7385274085829531,0.7265914488117199,0.5829867662052169,0.18074247979619626,0.0,0.44562931468019934,0.6229519151909115,0.4704241709574849,0.20207724338156766,0.18550677044628586,0.2200272767814538,-0.36592620293326805,0.4657472168504356,0.7658899307124346,0.7382008002660831,6.293938200604467,2021
77,Mellat,2021-06-30,14,-1.0,-0.25,-0.5,-0.3333333333333333,-0.5,-0.4,-0.5,-0.5,-0.25,0.0,0.0,0.0,-0.046831955922864994,-0.5425563509978373,-1.2065514236623898,0.8415185088357776,-1.2231592525462425,-0.7066898685228151,-0.7066898685228151,-0.3421052631578947,-1.2311353274302241,-1.4459421982890035,-0.4686657298246351,0.2706302534025659,-1.2065514236623898,-1.152272451422003,-1.2869786474584763,-0.5587956656539712,-0.2588974763008716,2.0,0.0,-1.0383299739870893,-0.8805299742190346,-0.6533064751410353,-1.2954434383997575,-0.775835414252697,-0.6003095757405192,0.0,0.4712342127884679,-0.6108463699444712,-0.40615341537134453,-1.0838129057291461,0.0,-0.29044323434667696,-0.22453145408705688,-0.2588974763008716,-0.7473214248144607,-1.2749586987706258,-1.0003630326835202,-0.6292687109091935,1.001177604442166,-0.5437572743718262,-0.10718032289197645,-4.248069226851138,2021
78,Uni,2021-06-30,15,1.0,0.75,0.0,0.6666666666666666,0.5,0.0,0.5,0.5,0.25,1.0,1.0,2.0,3.7961432506887056,0.6500285614556987,-0.07324455781326374,-0.03790749145123981,-0.052945473568480374,-0.8766434648105182,-0.8766434648105182,1.6842105263157892,-0.24532645442509993,-0.2338442977704946,-1.0478368052138833,-0.25371522183032724,-0.07324455781326374,0.23924125045789948,0.25539177243280736,0.2887259080845512,-0.6080495353738172,-1.0,-0.625,-0.19945479072296654,-0.12724718417322164,0.02847075919219235,0.2718745264434005,-0.2732840935143475,0.5697600788010976,0.0,-0.9785467499834689,0.0,0.6070440234529806,-0.5877933566143932,0.0,-0.652952362594387,-0.6966272794467564,-0.6080495353738172,-0.334554557894359,0.31940087499538,0.06418176558113739,-0.5440860479454593,0.8008797769710485,-0.07955349971827874,-0.4346456705994338,0.5333847383704824,2021
79,VTB,2021-06-30,16,0.8,1.0,1.5,1.3333333333333333,1.5,0.8,0.5,1.5,1.5,1.6666666666666667,3.0,0.0,1.8044077134986225,0.5521553718774778,0.4979731368783247,-1.8919608878918066,0.6482850184280202,0.4309744779582368,0.4309744779582368,1.631578947368421,0.08504281096729444,0.06336358254481526,0.09521639318766213,1.7011641475504586,0.4979731368783247,0.5778928203909518,0.5209234234543113,-0.5587956656539712,-0.6697467241515022,-1.0,-0.75,0.4778772169661508,0.15848319919749684,0.9482678815387507,0.15315199272617064,0.5815663591243408,-0.025820551607683106,0.0,-0.6823174965284666,0.5781284700629813,1.033371382892602,0.4122066433856067,0.0,-0.7185577430399814,-0.7901967335945648,-0.6697467241515022,0.2473332862681859,-0.3191328056733301,0.32973019124658104,0.0,0.0,-0.5601881745226455,-0.3465851075588631,0.6886749358367705,2021
80,ABB,2021-09-30,0,0.9333333333333333,0.5,0.5,0.6666666666666666,1.0,0.2,0.0,1.0,0.75,1.3333333333333333,0.0,5.0,-0.1886792452830188,0.7535299362227555,4.085447274903711,-0.5363920995135975,4.1574708679622425,-0.4992314261315115,-0.4992314261315115,0.7429906542056075,3.2674878817522695,3.766770609014506,0.1761145724546752,0.7218061656302159,4.085447274903711,2.198703145194404,2.4022993659097365,0.3780888432739063,-0.509690859802809,-1.0,-0.8,1.6274048045216236,2.3997915720655514,0.4559088062858528,1.549537129699083,-0.46681581604330674,1.92363134562892,0.0,0.0,0.7739964729574834,1.8834595304289765,0.0,0.0,-0.38802695759358663,-0.0032871107706822227,-0.509690859802809,2.720255114106118,2.580442528741269,0.34419531486109056,-0.5658877050411337,0.8572865917744784,1.52645887808618,1.6917915650375304,15.73119544013311,2021
81,ACBA,2021-09-30,1,0.2,1.0,1.5,1.0,1.5,0.6,1.5,2.0,1.25,1.6666666666666667,2.0,0.0,0.30727762803234493,0.5733284825031412,1.7793183916780528,-0.5619375402176562,1.8368387207448629,-0.3566182749786507,-0.3566182749786507,-0.07943925233644863,0.9675263845084104,0.9179540649031412,1.9160463594896977,1.0790284174083984,1.7793184008942842,0.6198865749814348,0.6512778977472987,-0.1947910473620283,0.8811234869950981,1.0,0.5,0.9404749362268282,0.7136697254545015,1.1457908380979864,1.3449569989219334,0.9890224320165716,0.7780185390923817,9063.0,-0.8365297209462822,0.9547529888970642,0.0,1.0070629008585157,406572.0,0.9921559659179042,1.32638515896109,0.8811234869950981,0.9992780104782955,0.6549880553161918,-0.42552432003494034,0.13744678569623614,-0.13054705316423407,0.19769582355861307,-0.27508083853090043,9.85838298331551,2021
82,Ameria,2021-09-30,2,-0.13333333333333333,0.0,0.0,0.3333333333333333,-0.5,0.0,0.0,-0.5,0.0,0.0,1.0,0.0,-0.36657681940700804,0.6613743588608815,4.674141506439644,-1.2589325959913609,4.8038679259135595,0.0,0.0,0.03271028037383181,4.289487323897606,4.4716992261087345,5.494267280765581,1.2771056130200698,4.674141506439644,2.165452775851603,2.9758743748542797,7.993609138512329,2.275856448658694,1.0,0.8,2.2098442953208695,1.5512610492486045,2.500939020928638,1.7752277875566547,0.5972193762550715,1.4508657109176135,0.0,-0.1849790354496475,2.5564587573081465,0.659223890199643,2.3758170476707483,0.0,2.3871104072079223,2.7223918658253505,2.275856448658694,1.6053941180750007,7.143861444415397,1.4738869902527412,-0.15446999609936038,0.17359333157719925,2.4452544449574254,0.3115667333105095,31.046102872091303,2021
83,Ararat,2021-09-30,3,0.5333333333333333,0.75,1.5,0.6666666666666666,0.5,0.6,0.5,0.0,1.25,0.6666666666666666,0.0,1.0,0.0,-0.17201085080383366,-0.0674414223940652,0.24560003959892307,-0.08286372144609949,-0.10555081127241661,-0.10555081127241661,-0.3130841121495328,-0.4161502550602645,-0.46589803804887325,-0.6208081860834325,-0.78147715028718,-0.0674414223940652,-0.38012757511986617,-0.370323387243439,0.5354923210102948,0.003162063262499027,0.0,0.1,-0.36458677877934537,-0.11819238290453904,-0.28126399808376545,-0.485358807879052,0.07758903323634277,-0.407419635057809,0.0,0.222622513562635,-0.1752724025639126,-0.34077610980035705,-0.28755981462492713,0.0,0.0,-0.2083172589662275,0.003162063262499027,-0.3481023530129654,0.1022849113119955,-0.5700946670947359,0.455308989230934,-0.37006303432742454,0.0,0.04116956051830346,-2.447616697460462,2021
84,Armswiss,2021-09-30,4,-1.0,-0.25,-0.5,-0.3333333333333333,-0.5,-0.4,-0.5,-0.5,-0.25,0.0,0.0,0.0,0.09703504043126693,-0.2294458409202129,-0.3630599679619837,0.19106994159785415,-0.37654499667147023,0.2281810418445773,0.2281810418445773,-0.691588785046729,0.35072678541925356,0.30813910061180333,0.7085024666576725,-0.7274388943569924,-0.3630599679619837,-0.3024181697747923,0.0,4.113988266051785,0.6086186327177897,1.0,0.4,0.31739969003793045,0.8035874070398853,-0.09781578026674513,-1.2351931073571032,-0.6380690433700557,-0.6704586068905525,0.0,-0.05942269174622663,-0.11143696269592217,-0.49510258014380576,-0.9448182439632467,0.0,0.67509044093009,0.7976086946368438,0.6086186327177897,0.46822796713623616,0.19355584273395854,0.9622198048381191,-1.0346576694742828,2.5975674502997954,-0.29188504546829896,3.250723983853828,8.568552666294382,2021
85,Artsakh,2021-09-30,5,-0.4666666666666667,-0.25,-0.5,-0.3333333333333333,-0.5,-0.4,-0.5,-0.5,-0.25,0.0,0.0,11.0,-0.5067385444743935,-0.4990775883889435,-1.0888531055395532,0.7173075489206474,-1.146475795069937,0.5830913748932537,0.5830913748932537,-3.3644859813084116,-0.8216759501769764,-0.9987770722311922,0.01803537544501811,-0.12854908245905147,-1.0888531055395532,-0.45477899263184496,-0.5309814702173715,-0.4645076789897053,0.6022469268040256,3.0,0.8,-0.4848025987789033,-0.28633027454549853,-0.3070750500041022,-1.1803657196016704,-0.5331767326972442,-0.6854121258894269,3241.0,-0.05954118822342511,-0.3634024361573834,-1.0348156231910892,-0.8488368819993164,0.0,0.6227241150854643,0.5267186339668113,0.6022469268040256,,,,-0.3842529566127158,0.5045859321798295,-0.6570025904962796,1.4750448706039252,1.48880932189293,2021
86,ASHB,2021-09-30,6,0.2,1.25,1.5,1.3333333333333333,2.0,0.8,1.0,1.0,0.75,1.3333333333333333,2.0,0.0,0.3099730458221025,1.3630179301197343,4.051747424646273,-0.9746515514068582,4.155992665112517,-0.580529461998292,-0.580529461998292,0.5841121495327104,3.79020260271288,4.074778993779116,3.4666319502281766,1.1796130202505095,4.051747433862504,1.3971246168780926,2.5623350766772597,13.195016409721282,1.39316480792476,0.0,0.5,2.3422752705724257,2.4744189223810165,1.6774837964076261,1.823874842015542,0.29150351513164513,1.6969611977838381,0.0,1.3229780578537107,2.0973874548298825,1.5187573116231312,1.4826668275127168,0.0,1.381514463483434,1.1328687724476785,1.39316480792476,2.449641294382832,4.259223344501879,2.0191515007595475,-0.3536555139993743,0.454215236191547,3.0831783100042762,1.5908186954632053,26.95452993985722,2021
87,Byblos,2021-09-30,7,-0.7333333333333333,-0.25,-0.5,-0.3333333333333333,-0.5,-0.4,-0.5,-0.5,-0.25,0.0,0.0,0.0,-0.7385444743935311,-0.5100407683424322,-1.0347762139133738,0.7701043168465223,-1.0959250241450906,0.15576430401366362,0.15576430401366362,-0.9065420560747665,-1.3741994261950856,-1.5121108579983318,-1.4212820757283948,0.006392442353307572,-1.0347762139133738,-0.6770197883145976,-0.7710086750136373,-0.4645076789897053,-0.3913813672822103,0.0,-0.5,-0.9726035853709915,-0.6499836163717018,-0.7796094540523362,-1.399591095381772,-0.6807927022364956,-0.8023906245646003,0.0,0.4563337738549592,-0.6655720549680866,-0.4681423170329141,-0.9958295635040312,0.0,-0.3249095590699101,-0.20239130536315614,-0.3913813672822103,-0.8933760762985763,-1.044034099900936,-0.8530023884763914,0.628834321714379,-0.47378510300090093,-0.4418673806250888,-0.34985870802114427,-9.788423736224036,2021
88,Converse,2021-09-30,8,0.0,0.0,0.5,0.0,0.0,0.6,1.0,0.0,0.5,0.3333333333333333,0.0,1.0,0.6846361185983828,0.35642022616128,0.6638281565101509,-0.12680151603725057,0.6811880418560322,-0.4886421861656704,-0.4886421861656704,0.44859813084112155,0.19349376163787257,0.18953947664476492,0.0005016930859203273,-0.27819383436978407,0.6638281565101509,0.41239529539828923,0.513181397982069,0.8797864992993855,-0.2773290504019082,0.0,-0.5,0.0,0.0,0.24923779697155732,0.3549526529853841,0.5694755431036731,0.08905900355104429,0.0,0.9174085039874613,0.378545664199199,0.23928278529474198,0.7649931137784748,0.0,-0.17500638726633286,0.11784184690975158,-0.2773290504019082,-0.25056628235180467,1.3128288678607183,-0.07658999172024088,0.7267181273743535,-0.5258766878855082,0.5946080020176482,0.1425717334016678,1.9283923985626177,2021
89,Econom,2021-09-30,9,1.0666666666666667,0.5,0.0,0.3333333333333333,0.5,0.6,0.5,0.0,0.5,1.0,1.0,1.0,-1.097035040431267,-0.4849182515251994,0.4941583424666954,0.4636079004864026,0.46658120275157966,2.9347566182749785,2.9347566182749785,-0.3037383177570094,0.0,0.0,-0.39745788317322417,0.0,0.4941583424666954,-0.34037786016695776,-0.37024901983078495,0.0,0.043469276691054055,0.0,0.1,0.014578243900106666,0.23899930493388702,0.0,0.0,-0.023221850073208625,0.12969065570135851,0.0,-0.5765051109834713,-0.0035512027846179863,-0.30924619328027353,0.04658453465227094,0.0,0.06952090711038772,0.0,0.043469276691054055,0.25056628235180484,-0.1022849113119955,-0.8130242700519733,0.5905670658512645,-0.4522344443348604,-0.15976243999251025,0.0,-1.8391112086048973,2021
90,Evoca,2021-09-30,10,-0.3333333333333333,0.0,-0.5,-0.3333333333333333,-0.5,-0.2,-0.5,-0.5,0.0,0.0,0.0,0.0,-0.7547169811320754,-0.42667151749685883,-0.27959219208624153,0.5465265416167764,-0.3188119581439678,0.5113578138343297,0.5113578138343297,0.6962616822429907,-0.6492732145807464,-0.6918608993881966,-1.1262902786228692,-0.2758288407019353,-0.27959219208624153,-0.21807096491191522,-0.23953714919081112,-0.017286910314859596,-0.4786010715979361,-1.0,-0.7,-0.5324078289425906,-0.21912451894471258,-0.4717440280343602,-0.6305729465761565,0.0,-0.49803789961363765,0.0,0.19086820064745158,-0.32118241243039547,0.005656659737281867,-0.5163997627520759,0.0,-0.41878994883852455,-0.32791708895936184,-0.4786010715979361,-0.4642668455005133,-0.22465084746626335,-0.3523642188513566,0.42406061362064384,-0.34962384451632994,-0.007204198987076699,-0.33050273645053346,-7.078946594587177,2021
91,HSBC,2021-09-30,11,-0.6,-0.25,-0.5,-0.3333333333333333,-0.5,-0.4,-0.5,-0.5,-0.25,0.0,0.0,0.0,1.7142857142857142,0.40054922201502424,0.0,0.043856809792964045,0.0,-0.6577284372331341,-0.6577284372331341,-0.20560747663551407,-0.48291788610054315,-0.5841775839942956,-0.18395750250645015,-0.3465365829072834,0.0,0.0,-0.03980553617640644,-0.4645076789897053,0.0,1.0,0.0,-0.5606768052912772,-0.6853447857737213,0.014757929221916367,-0.48243886227496374,-0.3931237914988581,-0.09843819474648985,0.0,0.5848980628568952,0.1317859706940407,-0.28833497450341744,0.42449609948328204,0.0,0.05369153133756097,0.1154897739002097,0.0,-0.3355778009622789,-0.12807518270263313,0.35610041919908325,0.8352027573158408,-0.5789974788476087,0.3241010644414175,-0.1745906697923569,1.0086980505313872,2021
92,IDbank,2021-09-30,12,-0.4,0.0,-0.5,-0.3333333333333333,-0.5,-0.2,0.0,-0.5,0.0,0.0,0.0,0.0,0.9272237196765497,0.0,-0.33617184348984913,-0.3231530266547118,-0.31137796937463014,0.287275832621691,0.287275832621691,-0.2149532710280374,-0.8429962596349406,-0.9970457030760613,-0.27139558690359733,0.3551665720223602,-0.33617184348984913,-0.45540971516558393,-0.45567845689743525,0.4849134243108615,-0.34108720082984745,0.0,-0.5,-0.5214082415423019,-0.4277488118678531,-0.21078178973664036,-0.09840833970882848,0.029182857632511335,0.0,0.0,-0.5436662261450408,-0.22600352704251664,-0.3238059435605816,-0.04157970927076422,0.0,-0.26613257804687224,-0.10331186451760552,-0.34108720082984745,-0.39114735113594706,-0.8015648861043858,-0.8028734066236267,1.2076323798106614,-0.7316887631884823,-0.4053919979823518,-0.23828227587302261,-4.403296157935678,2021
93,Ineco,2021-09-30,13,0.13333333333333333,0.25,-0.5,-0.3333333333333333,0.0,0.0,0.0,0.0,0.0,0.0,0.0,0.0,-0.4393530997304582,-0.20378102254784541,0.48401890282222293,0.0,0.4907084352524059,0.5209222886421861,0.5209222886421861,0.9299065420560748,0.2667195759149915,0.2280138091112124,0.5122138376274651,-0.5221563420371471,0.48401890282222293,0.2970430760006916,0.3147596771877913,-0.042812897593101015,0.6353979642313098,1.0,0.5,0.40249317709059274,0.2311029985460487,0.7187360019162345,0.3694270534238435,0.62050642484846,0.06993170509491865,0.0,0.6378780572502564,0.7966507806218247,0.5166046201509502,0.19324471721253794,0.0,0.7153886097296623,0.9021358280128345,0.6353979642313098,0.433785015894036,0.11159050386817193,0.07658999172024088,-0.40943293414873544,0.5477655556651396,0.8401753769802602,0.7249191614690996,6.3333667631952695,2021
94,Mellat,2021-09-30,14,-1.0,-0.25,-0.5,-0.3333333333333333,-0.5,-0.4,-0.5,-0.5,-0.25,0.0,0.0,0.0,-0.3099730458221024,-0.5124583192795389,-1.215065338333704,0.8100593795876323,-1.28045532349335,-0.4802732707087959,-0.4802732707087959,0.0,-1.4476396347551839,-1.6839272728313257,-0.4877861623725349,0.2706302534025659,-1.215065338333704,-0.9806748397568866,-1.0989658936514006,-0.4645076789897053,-0.21529358842177201,2.0,-0.3,-1.0597225033351756,-0.9072799980966605,-0.641949174519739,-1.326462763055424,-0.7578303422736028,-0.681239557979188,0.0,0.3164448423585407,-0.5750265027441518,-0.3866086131972518,-1.1155540643786317,0.0,-0.1533811256239259,-0.05252464866026183,-0.21529358842177201,-0.9020522160306814,-1.200694015245571,-0.8229370210744957,-0.7577791941188659,1.3704688215611076,-0.4947354598539081,-0.13294730521773537,-4.657814054218298,2021
95,Uni,2021-09-30,15,1.0,0.75,0.0,0.6666666666666666,0.5,0.0,0.5,0.5,0.25,1.0,1.0,2.0,3.8517520215633425,0.9791853067572488,-0.11400497497696425,-0.20372392783722837,-0.09647754839325506,-0.7755764304013664,-0.7755764304013664,1.8224299065420564,-0.5133576540600681,-0.5373882078851276,-1.0784207997292645,-0.25371517666841864,-0.11400496576073293,0.007553225707802285,0.04168264171904145,0.4517547175612283,-0.4268081543994419,-1.0,-0.6,-0.2658601028580214,-0.15089510567057338,-0.06290862616735178,0.2199006482740646,-0.267122994214097,0.5019621003863624,0.0,-1.084180775153483,0.0,0.6705306636966631,-0.575503900516718,0.0,-0.3728479216655587,-0.30977305951641454,-0.4268081543994419,-0.3579231749859935,-0.15823444065317208,0.418541334494916,-0.4909810424869034,0.6994813935366334,0.03946850533888187,-0.435164938708772,-0.13566879376909124,2021
96,VTB,2021-09-30,16,0.8,1.0,1.0,1.3333333333333333,1.5,0.6,1.0,1.5,1.5,1.6666666666666667,3.0,0.0,0.5606469002695418,0.263887060697911,0.4992609089373583,-1.181218832295428,0.5935499532580154,0.5552519214346713,0.5552519214346713,1.9906542056074767,0.21795985226885278,0.2181857779592552,0.0,1.7011641475504586,0.4992609089373583,0.6198724248801338,0.6296766127565611,-0.4645076789897053,-0.5318593160049986,-1.0,-0.8,0.478591758457698,0.15539868888087208,0.9453393394837671,0.0926251888487134,0.5331841839566933,-0.1421986670559771,0.0,-1.0166487550463865,0.6032541652168277,1.2916395709953346,0.42283913384401955,0.0,-0.45840399390525666,-0.30270656534755663,-0.5318593160049986,0.5119350378092592,-0.16585203957481448,0.2117993997142393,0.0,0.0,-0.5812205868201858,-0.35156260978802784,-0.1935731209378757,2021
97,ABB,2021-12-31,0,0.9333333333333333,0.6666666666666666,0.5,0.6666666666666666,1.0,0.2,0.0,0.5,0.75,1.3333333333333333,0.0,5.0,-0.5013850415512465,0.20608552603067898,4.0347037343220205,-0.5372070417319218,4.1058879674661695,-0.05314406381980292,-0.05314406381980292,0.6514285714285715,2.8953852504813846,3.3458233029289906,0.2473343283259099,0.7218061656302159,4.0347037343220205,2.1279120339034816,2.3293373114829072,0.3572435233176161,-0.41290018497323744,-1.0,-0.6666666666666666,1.5742902492872615,2.4643255834765245,0.2973464121130881,0.9967132510564258,-0.5175519475696816,1.1986472879442345,0.0,0.14341529481214574,0.7888617496035325,2.008936371402595,0.0,0.0,-0.3614313675388458,-0.06922994228005634,-0.41290018497323744,2.213120553161113,1.9613901677575505,0.8007654689306416,-0.41670396272051613,0.5903155123237606,1.480239601948246,1.681761026686939,14.321294587422098,2021
98,ACBA,2021-12-31,1,0.26666666666666666,1.3333333333333333,1.5,1.0,1.5,0.6,1.5,2.0,1.25,1.6666666666666667,2.0,0.0,0.15789473684210523,0.45938941088860397,1.9431213888209005,-0.440684591121573,1.9757927684589465,-0.26231816048803375,-0.26231816048803375,-0.7714285714285714,1.0387763799069902,0.9525053064505212,2.548033470171705,1.3048379604267872,1.9431213888209005,0.6214951922678689,0.6529367217003051,-0.19841677390128656,1.1438336754809855,1.0,0.7777777777777778,0.9522023847893452,0.697569337016469,1.2180187245248677,1.1617063334113074,0.8397237916336834,0.5286925321762399,12455.0,-0.8916645639817542,1.2178617963525387,-0.5382442240020165,1.69610132254275,566568.0,1.2224442776194342,1.647290988511344,1.1438336754809855,0.9599202413677126,0.6812144201354441,-0.43657237396745907,0.6566129356461544,-0.511106684255365,0.3131055755683499,-0.26247007794581456,10.972426995043328,2021
99,Ameria,2021-12-31,2,-0.06666666666666667,0.0,0.0,0.3333333333333333,-0.5,0.0,0.0,-0.5,0.0,0.0,1.0,0.0,-0.21329639889196678,0.7801222662588257,4.68097808529957,-2.1976286845516513,4.838219358112332,0.07379164711403087,0.07379164711403087,-0.15999999999999995,4.072937078822373,4.224865419410587,5.072198887824658,1.2771056130200698,4.680978076288194,2.3793015623500273,3.2323279113582446,7.870023618232907,2.640685604372071,1.0,1.0,2.22362834378288,1.5641519947407088,2.61346301777553,1.5781012135782617,0.4824480524303184,1.114339162042375,0.0,-0.9352251209142081,3.0053372980752595,0.6209098521322155,2.4355408986340166,0.0,2.6938517434698013,2.994350528111399,2.640685604372071,1.4389100218000488,5.952613712516859,1.6505049296438683,-0.07418376490804485,0.08329591362390494,2.0693962290511787,0.3415629104984197,30.81841465914457,2021
100,Ararat,2021-12-31,3,0.5333333333333333,1.0,1.5,0.6666666666666666,0.5,0.6,0.5,0.0,1.25,0.6666666666666666,0.0,1.0,-0.6675900277008311,-0.49043531264351303,-0.052969314383840956,0.559315408878427,-0.09834163601055372,0.7641952135147817,0.7641952135147817,0.36571428571428577,-0.4992129772286271,-0.5179994005223244,-0.5827430903814733,-0.78147715028718,-0.052969314383840956,-0.43783443985515197,-0.433048254781026,0.5166298196441528,-0.22496164991728287,0.0,-0.3333333333333333,-0.3589104285041278,-0.13127668224082828,-0.29834801764126373,-0.4421161094788272,0.0024381981968926558,-0.39499802503894504,0.0,0.02501173180273593,-0.20984382235857127,0.02967350303963339,-0.3169762212192829,0.0,-0.24042069442320343,-0.2753008914893516,-0.22496164991728287,-0.33147423442924984,0.10608307165890923,-0.5822333737488576,0.48531605714099685,-0.407036288035789,0.0,0.06138167070724451,-3.955860683218548,2021
101,Armswiss,2021-12-31,4,-1.0,-0.3333333333333333,-0.5,-0.3333333333333333,-0.5,-0.4,-0.5,-0.5,-0.25,0.0,0.0,0.0,0.07756232686980605,-0.3079837482526444,-0.33611956645949187,0.0,-0.3606745572986936,0.5252229000469262,0.5252229000469262,-0.5085714285714286,0.22150702108277384,0.1923267874002173,0.6755647991815641,-0.7274388943569924,-0.33611956645949187,-0.39477250014673276,-0.09778071669037483,3.9535800243177603,0.754033794655768,1.0,0.6666666666666666,0.3178375432800174,0.8227185931166463,-0.14398558988683482,-1.1342619184963012,-0.6470590366399962,-0.6202108102863675,0.0,-0.1607048671456858,-0.0993637739953259,-0.3750838319488533,-0.9938197537550916,0.0,0.7576674121873771,0.8160953430392214,0.754033794655768,0.5525927415572176,-0.20559377393854647,-0.02380549428178297,-1.0400189236686241,2.812559972916986,-0.07617748637431748,3.0017121951416725,8.747870204504435,2021
102,Artsakh,2021-12-31,5,-0.4666666666666667,-0.3333333333333333,-0.5,-0.3333333333333333,-0.5,-0.4,-0.5,-0.5,-0.25,0.0,0.0,10.0,-0.3102493074792244,-0.5698390420090194,-1.0364939341324158,1.0316931905987534,-1.1193949922592816,0.06264664476771473,0.06264664476771473,-2.5428571428571423,-0.8948936938194288,-1.0374599627406695,0.0,-0.12854908245905147,-1.0364939341324158,-0.5290805045054711,-0.6136213661641131,-0.457946522070688,0.37287052714461233,2.0,0.5555555555555556,-0.5003772330252665,-0.30243066298353105,-0.3643723268978854,-1.0786688728014686,-0.5641288996528677,-0.6206348727612717,3241.0,-0.1944425448225609,-0.4623758803896709,-0.7946203223720643,-0.8557880308448506,0.0,0.38000086202370675,0.4555172266602586,0.37287052714461233,,,,-0.18932772211094953,0.22851495527729737,-0.6037441953675899,1.2689069810888605,-0.43498676753500143,2021
103,ASHB,2021-12-31,6,0.2,1.6666666666666667,1.5,1.3333333333333333,2.0,0.8,1.0,1.0,0.75,1.3333333333333333,2.0,0.0,0.445983379501385,1.4589073131258035,3.7676090946151417,-1.6602895383532896,3.8855118449644768,-0.31065227592679495,-0.31065227592679495,0.48571428571428577,3.5999383125926454,3.8604077226636213,3.2459216936581656,1.1796130202505095,3.7676090946151417,1.2996026128424334,2.562126595845347,13.797635882439517,1.7086841344203558,0.0,0.8888888888888888,2.296296101619586,2.5007607844727,1.6339170156210638,1.5177476686372464,0.5287569113982444,1.0327491058168508,0.0,1.0693567670688886,2.3800971500287487,1.634289422699193,1.2774642745239762,0.0,1.6812567983392213,1.587888139349951,1.7086841344203558,1.9982678668203138,3.8869809044575607,0.02380549428178297,-0.368255818701534,0.5030637369984114,2.787888959295611,1.5547109317614929,26.55914046586213,2021
104,Byblos,2021-12-31,7,-0.7333333333333333,-0.3333333333333333,-0.5,-0.3333333333333333,-0.5,-0.4,-0.5,-0.5,-0.25,0.0,0.0,0.0,-0.6814404432132964,-0.60250002584157,-1.0196775634409154,1.1160811612788115,-1.1061421036728274,-0.005865790708587517,-0.005865790708587517,-1.4285714285714286,-1.4337428934529197,-1.542699724571075,-1.1949137179196678,0.006392442353307572,-1.0196775634409154,-0.7573569426402511,-0.8605840206508297,-0.457946522070688,-0.3084268605208624,0.0,-0.3333333333333333,-0.9695108557051783,-0.6710431883726524,-0.8209218643563428,-1.2795920691821665,-0.6853468394297345,-0.7265283963788626,0.0,0.27413862628253954,-0.8103347268799194,-0.525273924439696,-1.022371297245388,0.0,-0.2971405116097272,-0.20131391523341718,-0.3084268605208624,-0.7969361440249456,-0.8828153823393848,-0.9152185808277561,0.8588498958949025,-0.6162172593641001,-0.44414820224223667,-0.3027440488605463,-9.558849931926128,2021
105,Converse,2021-12-31,8,0.0,0.0,0.5,0.0,0.0,0.6,1.0,0.0,0.5,0.3333333333333333,0.0,1.0,0.6703601108033242,0.34355491019043216,0.726808615231605,0.0862009836546902,0.7156745019362167,-0.39664476771468793,-0.39664476771468793,0.0,0.09509798288306644,0.09578124292626862,0.17907385962733147,-0.27819383436978407,0.726808615231605,0.4048681674555891,0.505319917966881,0.8343190071180095,0.16771861164613242,0.0,0.1111111111111111,0.0,0.0,0.23092862149449483,0.3604507471424145,0.4927859403275446,0.024278394289437354,0.0,0.7718083797692628,0.5006497312731273,0.03525981509285082,0.7036635423146208,0.0,0.20758605030807947,0.4430910760951533,0.16771861164613242,-0.2511630914576152,1.1544010910316056,0.1889059089455147,0.631744181298466,-0.4969362630015886,0.7669603271055587,0.12225786701319528,3.17448200480738,2021
106,Econom,2021-12-31,9,1.0666666666666667,0.6666666666666666,0.0,0.3333333333333333,0.5,0.6,0.5,0.0,0.25,1.0,1.0,1.0,-0.9861495844875346,-0.5817573025227343,0.611587558041029,0.5563776955302172,0.5771907657879749,3.171046457062412,3.171046457062412,-0.2514285714285714,0.0,0.038073780479139396,-0.3412244508489507,0.0,0.611587558041029,-0.3255139838858422,-0.35492690988353637,0.0,0.0,0.0,0.0,0.023756482117233673,0.23141072685837277,0.0,0.0,0.0,0.0,0.0,-0.7258613737174605,0.0,-0.17527826955611545,0.01128278975276612,0.0,0.03617988689228504,0.25366342206068576,0.0,0.2511630914576152,-0.040560618973039454,-0.4760376759237398,0.5947281546040143,-0.4752817209317075,-0.1586705218062941,0.0,-1.6665918494378549,2021
107,Evoca,2021-12-31,10,-0.3333333333333333,0.0,-0.5,-0.3333333333333333,-0.5,-0.2,-0.5,-0.5,0.0,0.0,0.0,0.0,-0.7922437673130194,-0.540610589111396,-0.12324119018892285,0.7774045781850014,-0.17967831864093792,0.743899577663069,0.743899577663069,0.2914285714285714,-0.6342432017572049,-0.6378276357767366,-0.948859397956302,-0.2758288407019353,-0.12324119018892285,-0.22620332541497457,-0.2492867179526689,-0.02142817994602768,-0.3173400602602565,0.0,-0.4444444444444444,-0.5163440168319182,-0.22050243976501463,-0.4927262577200623,-0.525488327775131,0.0059264277618874235,-0.4713074678237601,0.0,0.0,-0.38091465829073645,-0.0794714170110715,-0.49341519930568584,0.0,-0.31318811680179537,-0.2522279329114344,-0.3173400602602565,-0.3445806663323824,-0.15595943086140604,-0.337761107129937,0.5878823850604655,-0.4712009912049767,-0.0031170250556001172,-0.23472986717299937,-5.349260556803194,2021
108,HSBC,2021-12-31,11,-0.6,-0.3333333333333333,-0.5,-0.3333333333333333,-0.5,-0.4,-0.5,-0.5,-0.25,0.0,0.0,0.0,2.1828254847645425,0.5885647746078999,0.0,-0.41934951841276485,0.0,-0.3273111215391834,-0.3273111215391834,0.25714285714285723,-0.5477263861584795,-0.6221189171555396,-0.11364650647695368,-0.3465365829072834,0.0,0.038111729974157744,0.0,-0.457946522070688,0.021846122193618263,0.0,0.0,-0.5471083985990987,-0.7031445222791333,0.02481380421763063,-0.4073596885610441,-0.4225262221030697,-0.10831507660196231,0.0,0.4195052912985003,0.1935559891270602,0.0,0.31755795887168403,0.0,0.0,-0.06609415733783162,0.021846122193618263,-0.34855953496348785,-0.003037813642495513,0.7570915263020337,0.6676465302885791,-0.5172994086506881,0.3740246756019899,-0.11445000833108578,0.6882688600050348,2021
109,IDbank,2021-12-31,12,-0.4,0.0,-0.5,-0.3333333333333333,-0.5,-0.2,0.0,-0.5,0.0,0.0,0.0,0.0,1.119113573407202,0.03033947990325173,-0.273191384768395,-0.27252990323549214,-0.2843254980637832,0.0,0.0,-0.5142857142857142,-0.8980839888178106,-1.0258343856295353,-0.15083926318241248,0.3551665720223602,-0.273191384768395,-0.4947518222234361,-0.4924893553212965,0.542053477929312,-0.1361495869966208,0.0,-0.2222222222222222,-0.5063735393957286,-0.4380356287151489,-0.21390196687705315,-0.0034141201608633154,-0.0333467983704286,0.017029360603178906,0.0,-0.6248165554798327,-0.21113825039646753,-0.37909014786778444,-0.03979606832598382,0.0,-0.11993099513654817,0.0,-0.1361495869966208,-0.33392434297577683,-0.7581281707628836,0.6591216283466791,1.0769920242040014,-0.7125890579659765,-0.23303967289444127,-0.2283317514290434,-3.467559062697605,2021
110,Ineco,2021-12-31,13,0.13333333333333333,0.3333333333333333,-0.5,-0.3333333333333333,0.0,0.0,0.0,0.0,0.0,0.0,0.0,0.0,-0.554016620498615,-0.3533431833052029,0.6093004800098274,0.03642438318189315,0.5985130398872953,0.6893477240732051,0.6893477240732051,0.6628571428571429,0.365756798242795,0.36217236422326343,0.6552022952956323,-0.5221563420371471,0.6093004800098274,0.35709412002414803,0.3676990759050693,-0.1888121058270179,0.9571038716276674,1.0,1.0,0.38266318344725664,0.2183310316922779,0.7016519823587363,0.3851460666175961,0.5308913914938402,0.023327796659317945,0.0,0.44364922342147317,0.9530117347996805,0.4427178982714229,0.2532501610546329,0.0,0.9718568057778683,1.0846258795928143,0.9571038716276674,0.5190899455264671,0.16369839134842698,-0.06759475689808331,-0.3008766114554227,0.39158259453608996,0.8925566442449606,0.7652701328270006,7.514279618772428,2021
111,Mellat,2021-12-31,14,-1.0,-0.3333333333333333,-0.5,-0.3333333333333333,-0.5,-0.4,-0.5,-0.5,-0.25,0.0,0.0,0.0,0.0,-0.5814792408086993,-1.172461348927362,1.1393601431561329,-1.262477175113181,-0.4301970905678085,-0.4301970905678085,-0.5314285714285714,-1.5332072168314912,-1.7448187869929312,-0.34479770470436766,0.2706302534025659,-1.172461348927362,-1.0887286527858853,-1.2190811035212503,-0.457946522070688,-0.06668061999354308,2.0,-0.1111111111111111,-1.050949848817695,-0.9301369396753328,-0.6671930438925354,-1.2128781281983136,-0.7566106992097895,-0.6242588445369525,0.0,0.15430287938134687,-0.6903137257879105,-0.4248548112804982,-1.171210733401668,0.0,-0.0669617867039154,-0.027666365762002855,-0.06668061999354308,-0.8197885051421555,-1.0451354400368527,-0.8582792470915357,-0.7746265078047512,1.5103170682168137,-0.4890318271964709,-0.06955365355742583,-3.9076193485116746,2021
112,Uni,2021-12-31,15,1.0666666666666667,0.6666666666666666,0.0,0.6666666666666666,0.5,0.0,0.5,0.5,0.25,1.0,1.0,2.0,3.506925207756233,0.9293580074422437,-0.12826854633621676,-0.3478957027182306,-0.13361079413154814,-0.4511966213045518,-0.4511966213045518,2.4171428571428573,-0.5781764871834737,-0.5785266378634055,-0.8907357931505474,-0.20408223911297677,-0.12826854633621676,0.0,0.03540135219451717,0.4544222687524128,-0.43493862369300784,-1.0,-0.6666666666666666,-0.30846733201184307,-0.17241518570629275,-0.15280311628470294,0.474511672224869,-0.3312791604096511,0.6217319118458782,0.0,-1.5339239716298678,-0.013729503857192574,0.9872155325122277,-0.6374216100657066,0.0,-0.4371205400511387,-0.407114524525838,-0.43493862369300784,-0.37889976054697333,0.003037813642495513,0.5110180721904488,-0.4862619514660281,0.727511075817578,0.21318935351270368,-0.38675964384157024,-0.3338485257385593,2021
113,VTB,2021-12-31,16,0.8,1.3333333333333333,1.5,1.3333333333333333,1.5,0.8,0.5,1.5,1.5,1.6666666666666667,3.0,0.0,0.13019390581717458,0.0,0.5251892855144584,-1.446029384785875,0.5804492940203515,0.7220788362271233,0.7220788362271233,1.9885714285714289,0.006670840078676501,0.0,0.10956274258797076,1.7011641475504586,0.5251892855144584,0.562165560144848,0.566951745218974,-0.457946522070688,-0.24596620534423203,-1.0,-0.4444444444444444,0.49362646060427146,0.13637098960876945,1.0116251456145917,0.06469192290938722,0.34877465143366415,-0.15231183090699588,0.0,-1.2671431704401017,0.7169476335213549,1.3739681619005624,0.3625783899342934,0.0,-0.2423325878126229,-0.18390465696077857,-0.24596620534423203,0.32033988862612406,-0.19878729154117208,0.5183745246090681,0.0,0.0,-0.6798867536219965,-0.3199558676973155,-0.3400596062761425,2021
