,Date,Banks name,variable,value,Lat,Lon,Year,Month,Y-M
0,2020-06-30,Artsakh,Yerevan,8,40.18562,44.39081,2020,6,2020_6
1,2020-06-30,ASHB,Yerevan,18,40.18562,44.39081,2020,6,2020_6
2,2020-06-30,Byblos,Yerevan,3,40.18562,44.39081,2020,6,2020_6
3,2020-06-30,Converse,Yerevan,16,40.18562,44.39081,2020,6,2020_6
4,2020-06-30,Econom,Yerevan,30,40.18562,44.39081,2020,6,2020_6
5,2020-06-30,Evoca,Yerevan,10,40.18562,44.39081,2020,6,2020_6
6,2020-06-30,HSBC,Yerevan,8,40.18562,44.39081,2020,6,2020_6
7,2020-06-30,IDbank,Yerevan,10,40.18562,44.39081,2020,6,2020_6
8,2020-06-30,Ineco,Yerevan,18,40.18562,44.39081,2020,6,2020_6
9,2020-06-30,Mellat,Yerevan,1,40.18562,44.39081,2020,6,2020_6
10,2020-06-30,Uni,Yerevan,30,40.18562,44.39081,2020,6,2020_6
11,2020-06-30,VTB,Yerevan,28,40.18562,44.39081,2020,6,2020_6
12,2020-09-30,ABB,Yerevan,31,40.18562,44.39081,2020,9,2020_9
13,2020-09-30,ACBA,Yerevan,19,40.18562,44.39081,2020,9,2020_9
14,2020-09-30,Ameria,Yerevan,12,40.18562,44.39081,2020,9,2020_9
15,2020-09-30,Ararat,Yerevan,28,40.18562,44.39081,2020,9,2020_9
16,2020-09-30,Armswiss,Yerevan,1,40.18562,44.39081,2020,9,2020_9
17,2020-09-30,Artsakh,Yerevan,8,40.18562,44.39081,2020,9,2020_9
18,2020-09-30,ASHB,Yerevan,19,40.18562,44.39081,2020,9,2020_9
19,2020-09-30,Byblos,Yerevan,3,40.18562,44.39081,2020,9,2020_9
20,2020-09-30,Converse,Yerevan,16,40.18562,44.39081,2020,9,2020_9
21,2020-09-30,Econom,Yerevan,30,40.18562,44.39081,2020,9,2020_9
22,2020-09-30,Evoca,Yerevan,10,40.18562,44.39081,2020,9,2020_9
23,2020-09-30,HSBC,Yerevan,8,40.18562,44.39081,2020,9,2020_9
24,2020-09-30,IDbank,Yerevan,10,40.18562,44.39081,2020,9,2020_9
25,2020-09-30,Ineco,Yerevan,18,40.18562,44.39081,2020,9,2020_9
26,2020-09-30,Mellat,Yerevan,1,40.18562,44.39081,2020,9,2020_9
27,2020-09-30,Uni,Yerevan,30,40.18562,44.39081,2020,9,2020_9
28,2020-09-30,VTB,Yerevan,28,40.18562,44.39081,2020,9,2020_9
29,2020-12-31,ABB,Yerevan,30,40.18562,44.39081,2020,12,2020_12
30,2020-12-31,ACBA,Yerevan,18,40.18562,44.39081,2020,12,2020_12
31,2020-12-31,Ameria,Yerevan,12,40.18562,44.39081,2020,12,2020_12
32,2020-12-31,Ararat,Yerevan,27,40.18562,44.39081,2020,12,2020_12
33,2020-12-31,Armswiss,Yerevan,1,40.18562,44.39081,2020,12,2020_12
34,2020-12-31,Artsakh,Yerevan,8,40.18562,44.39081,2020,12,2020_12
35,2020-12-31,ASHB,Yerevan,19,40.18562,44.39081,2020,12,2020_12
36,2020-12-31,Byblos,Yerevan,3,40.18562,44.39081,2020,12,2020_12
37,2020-12-31,Converse,Yerevan,16,40.18562,44.39081,2020,12,2020_12
38,2020-12-31,Econom,Yerevan,32,40.18562,44.39081,2020,12,2020_12
39,2020-12-31,Evoca,Yerevan,11,40.18562,44.39081,2020,12,2020_12
40,2020-12-31,HSBC,Yerevan,8,40.18562,44.39081,2020,12,2020_12
41,2020-12-31,IDbank,Yerevan,11,40.18562,44.39081,2020,12,2020_12
42,2020-12-31,Ineco,Yerevan,18,40.18562,44.39081,2020,12,2020_12
43,2020-12-31,Mellat,Yerevan,1,40.18562,44.39081,2020,12,2020_12
44,2020-12-31,Uni,Yerevan,31,40.18562,44.39081,2020,12,2020_12
45,2020-12-31,VTB,Yerevan,28,40.18562,44.39081,2020,12,2020_12
46,2021-03-31,ABB,Yerevan,30,40.18562,44.39081,2021,3,2021_3
47,2021-03-31,ACBA,Yerevan,18,40.18562,44.39081,2021,3,2021_3
48,2021-03-31,Ameria,Yerevan,13,40.18562,44.39081,2021,3,2021_3
49,2021-03-31,Ararat,Yerevan,24,40.18562,44.39081,2021,3,2021_3
50,2021-03-31,Armswiss,Yerevan,1,40.18562,44.39081,2021,3,2021_3
51,2021-03-31,Artsakh,Yerevan,9,40.18562,44.39081,2021,3,2021_3
52,2021-03-31,ASHB,Yerevan,19,40.18562,44.39081,2021,3,2021_3
53,2021-03-31,Byblos,Yerevan,4,40.18562,44.39081,2021,3,2021_3
54,2021-03-31,Converse,Yerevan,16,40.18562,44.39081,2021,3,2021_3
55,2021-03-31,Econom,Yerevan,33,40.18562,44.39081,2021,3,2021_3
56,2021-03-31,Evoca,Yerevan,11,40.18562,44.39081,2021,3,2021_3
57,2021-03-31,HSBC,Yerevan,8,40.18562,44.39081,2021,3,2021_3
58,2021-03-31,IDbank,Yerevan,11,40.18562,44.39081,2021,3,2021_3
59,2021-03-31,Ineco,Yerevan,18,40.18562,44.39081,2021,3,2021_3
60,2021-03-31,Mellat,Yerevan,1,40.18562,44.39081,2021,3,2021_3
61,2021-03-31,Uni,Yerevan,31,40.18562,44.39081,2021,3,2021_3
62,2021-03-31,VTB,Yerevan,28,40.18562,44.39081,2021,3,2021_3
63,2021-06-30,ABB,Yerevan,30,40.18562,44.39081,2021,6,2021_6
64,2021-06-30,ACBA,Yerevan,18,40.18562,44.39081,2021,6,2021_6
65,2021-06-30,Ameria,Yerevan,14,40.18562,44.39081,2021,6,2021_6
66,2021-06-30,Ararat,Yerevan,24,40.18562,44.39081,2021,6,2021_6
67,2021-06-30,Armswiss,Yerevan,1,40.18562,44.39081,2021,6,2021_6
68,2021-06-30,Artsakh,Yerevan,9,40.18562,44.39081,2021,6,2021_6
69,2021-06-30,ASHB,Yerevan,19,40.18562,44.39081,2021,6,2021_6
70,2021-06-30,Byblos,Yerevan,4,40.18562,44.39081,2021,6,2021_6
71,2021-06-30,Converse,Yerevan,16,40.18562,44.39081,2021,6,2021_6
72,2021-06-30,Econom,Yerevan,32,40.18562,44.39081,2021,6,2021_6
73,2021-06-30,Evoca,Yerevan,11,40.18562,44.39081,2021,6,2021_6
74,2021-06-30,HSBC,Yerevan,8,40.18562,44.39081,2021,6,2021_6
75,2021-06-30,IDbank,Yerevan,11,40.18562,44.39081,2021,6,2021_6
76,2021-06-30,Ineco,Yerevan,18,40.18562,44.39081,2021,6,2021_6
77,2021-06-30,Mellat,Yerevan,1,40.18562,44.39081,2021,6,2021_6
78,2021-06-30,Uni,Yerevan,31,40.18562,44.39081,2021,6,2021_6
79,2021-06-30,VTB,Yerevan,28,40.18562,44.39081,2021,6,2021_6
80,2021-09-30,ABB,Yerevan,30,40.18562,44.39081,2021,9,2021_9
81,2021-09-30,ACBA,Yerevan,19,40.18562,44.39081,2021,9,2021_9
82,2021-09-30,Ameria,Yerevan,14,40.18562,44.39081,2021,9,2021_9
83,2021-09-30,Ararat,Yerevan,24,40.18562,44.39081,2021,9,2021_9
84,2021-09-30,Armswiss,Yerevan,1,40.18562,44.39081,2021,9,2021_9
85,2021-09-30,Artsakh,Yerevan,9,40.18562,44.39081,2021,9,2021_9
86,2021-09-30,ASHB,Yerevan,19,40.18562,44.39081,2021,9,2021_9
87,2021-09-30,Byblos,Yerevan,5,40.18562,44.39081,2021,9,2021_9
88,2021-09-30,Converse,Yerevan,16,40.18562,44.39081,2021,9,2021_9
89,2021-09-30,Econom,Yerevan,32,40.18562,44.39081,2021,9,2021_9
90,2021-09-30,Evoca,Yerevan,11,40.18562,44.39081,2021,9,2021_9
91,2021-09-30,HSBC,Yerevan,7,40.18562,44.39081,2021,9,2021_9
92,2021-09-30,IDbank,Yerevan,10,40.18562,44.39081,2021,9,2021_9
93,2021-09-30,Ineco,Yerevan,18,40.18562,44.39081,2021,9,2021_9
94,2021-09-30,Mellat,Yerevan,1,40.18562,44.39081,2021,9,2021_9
95,2021-09-30,Uni,Yerevan,31,40.18562,44.39081,2021,9,2021_9
96,2021-09-30,VTB,Yerevan,28,40.18562,44.39081,2021,9,2021_9
97,2021-12-31,ABB,Yerevan,30,40.18562,44.39081,2021,12,2021_12
98,2021-12-31,ACBA,Yerevan,20,40.18562,44.39081,2021,12,2021_12
99,2021-12-31,Ameria,Yerevan,15,40.18562,44.39081,2021,12,2021_12
100,2021-12-31,Ararat,Yerevan,24,40.18562,44.39081,2021,12,2021_12
101,2021-12-31,Armswiss,Yerevan,1,40.18562,44.39081,2021,12,2021_12
102,2021-12-31,Artsakh,Yerevan,9,40.18562,44.39081,2021,12,2021_12
103,2021-12-31,ASHB,Yerevan,19,40.18562,44.39081,2021,12,2021_12
104,2021-12-31,Byblos,Yerevan,5,40.18562,44.39081,2021,12,2021_12
105,2021-12-31,Converse,Yerevan,16,40.18562,44.39081,2021,12,2021_12
106,2021-12-31,Econom,Yerevan,32,40.18562,44.39081,2021,12,2021_12
107,2021-12-31,Evoca,Yerevan,11,40.18562,44.39081,2021,12,2021_12
108,2021-12-31,HSBC,Yerevan,7,40.18562,44.39081,2021,12,2021_12
109,2021-12-31,IDbank,Yerevan,10,40.18562,44.39081,2021,12,2021_12
110,2021-12-31,Ineco,Yerevan,18,40.18562,44.39081,2021,12,2021_12
111,2021-12-31,Mellat,Yerevan,1,40.18562,44.39081,2021,12,2021_12
112,2021-12-31,Uni,Yerevan,32,40.18562,44.39081,2021,12,2021_12
113,2021-12-31,VTB,Yerevan,28,40.18562,44.39081,2021,12,2021_12
114,2020-06-30,Artsakh,Lori,0,40.82529,44.50142,2020,6,2020_6
115,2020-06-30,ASHB,Lori,6,40.82529,44.50142,2020,6,2020_6
116,2020-06-30,Byblos,Lori,0,40.82529,44.50142,2020,6,2020_6
117,2020-06-30,Converse,Lori,1,40.82529,44.50142,2020,6,2020_6
118,2020-06-30,Econom,Lori,3,40.82529,44.50142,2020,6,2020_6
119,2020-06-30,Evoca,Lori,1,40.82529,44.50142,2020,6,2020_6
120,2020-06-30,HSBC,Lori,0,40.82529,44.50142,2020,6,2020_6
121,2020-06-30,IDbank,Lori,1,40.82529,44.50142,2020,6,2020_6
122,2020-06-30,Ineco,Lori,2,40.82529,44.50142,2020,6,2020_6
123,2020-06-30,Mellat,Lori,0,40.82529,44.50142,2020,6,2020_6
124,2020-06-30,Uni,Lori,4,40.82529,44.50142,2020,6,2020_6
125,2020-06-30,VTB,Lori,5,40.82529,44.50142,2020,6,2020_6
126,2020-09-30,ABB,Lori,3,40.82529,44.50142,2020,9,2020_9
127,2020-09-30,ACBA,Lori,5,40.82529,44.50142,2020,9,2020_9
128,2020-09-30,Ameria,Lori,1,40.82529,44.50142,2020,9,2020_9
129,2020-09-30,Ararat,Lori,4,40.82529,44.50142,2020,9,2020_9
130,2020-09-30,Armswiss,Lori,0,40.82529,44.50142,2020,9,2020_9
131,2020-09-30,Artsakh,Lori,0,40.82529,44.50142,2020,9,2020_9
132,2020-09-30,ASHB,Lori,6,40.82529,44.50142,2020,9,2020_9
133,2020-09-30,Byblos,Lori,0,40.82529,44.50142,2020,9,2020_9
134,2020-09-30,Converse,Lori,1,40.82529,44.50142,2020,9,2020_9
135,2020-09-30,Econom,Lori,3,40.82529,44.50142,2020,9,2020_9
136,2020-09-30,Evoca,Lori,1,40.82529,44.50142,2020,9,2020_9
137,2020-09-30,HSBC,Lori,0,40.82529,44.50142,2020,9,2020_9
138,2020-09-30,IDbank,Lori,1,40.82529,44.50142,2020,9,2020_9
139,2020-09-30,Ineco,Lori,2,40.82529,44.50142,2020,9,2020_9
140,2020-09-30,Mellat,Lori,0,40.82529,44.50142,2020,9,2020_9
141,2020-09-30,Uni,Lori,4,40.82529,44.50142,2020,9,2020_9
142,2020-09-30,VTB,Lori,5,40.82529,44.50142,2020,9,2020_9
143,2020-12-31,ABB,Lori,3,40.82529,44.50142,2020,12,2020_12
144,2020-12-31,ACBA,Lori,5,40.82529,44.50142,2020,12,2020_12
145,2020-12-31,Ameria,Lori,1,40.82529,44.50142,2020,12,2020_12
146,2020-12-31,Ararat,Lori,4,40.82529,44.50142,2020,12,2020_12
147,2020-12-31,Armswiss,Lori,0,40.82529,44.50142,2020,12,2020_12
148,2020-12-31,Artsakh,Lori,0,40.82529,44.50142,2020,12,2020_12
149,2020-12-31,ASHB,Lori,6,40.82529,44.50142,2020,12,2020_12
150,2020-12-31,Byblos,Lori,0,40.82529,44.50142,2020,12,2020_12
151,2020-12-31,Converse,Lori,1,40.82529,44.50142,2020,12,2020_12
152,2020-12-31,Econom,Lori,3,40.82529,44.50142,2020,12,2020_12
153,2020-12-31,Evoca,Lori,1,40.82529,44.50142,2020,12,2020_12
154,2020-12-31,HSBC,Lori,0,40.82529,44.50142,2020,12,2020_12
155,2020-12-31,IDbank,Lori,1,40.82529,44.50142,2020,12,2020_12
156,2020-12-31,Ineco,Lori,2,40.82529,44.50142,2020,12,2020_12
157,2020-12-31,Mellat,Lori,0,40.82529,44.50142,2020,12,2020_12
158,2020-12-31,Uni,Lori,4,40.82529,44.50142,2020,12,2020_12
159,2020-12-31,VTB,Lori,5,40.82529,44.50142,2020,12,2020_12
160,2021-03-31,ABB,Lori,3,40.82529,44.50142,2021,3,2021_3
161,2021-03-31,ACBA,Lori,5,40.82529,44.50142,2021,3,2021_3
162,2021-03-31,Ameria,Lori,1,40.82529,44.50142,2021,3,2021_3
163,2021-03-31,Ararat,Lori,4,40.82529,44.50142,2021,3,2021_3
164,2021-03-31,Armswiss,Lori,0,40.82529,44.50142,2021,3,2021_3
165,2021-03-31,Artsakh,Lori,0,40.82529,44.50142,2021,3,2021_3
166,2021-03-31,ASHB,Lori,6,40.82529,44.50142,2021,3,2021_3
167,2021-03-31,Byblos,Lori,0,40.82529,44.50142,2021,3,2021_3
168,2021-03-31,Converse,Lori,1,40.82529,44.50142,2021,3,2021_3
169,2021-03-31,Econom,Lori,3,40.82529,44.50142,2021,3,2021_3
170,2021-03-31,Evoca,Lori,1,40.82529,44.50142,2021,3,2021_3
171,2021-03-31,HSBC,Lori,0,40.82529,44.50142,2021,3,2021_3
172,2021-03-31,IDbank,Lori,1,40.82529,44.50142,2021,3,2021_3
173,2021-03-31,Ineco,Lori,2,40.82529,44.50142,2021,3,2021_3
174,2021-03-31,Mellat,Lori,0,40.82529,44.50142,2021,3,2021_3
175,2021-03-31,Uni,Lori,4,40.82529,44.50142,2021,3,2021_3
176,2021-03-31,VTB,Lori,5,40.82529,44.50142,2021,3,2021_3
177,2021-06-30,ABB,Lori,3,40.82529,44.50142,2021,6,2021_6
178,2021-06-30,ACBA,Lori,5,40.82529,44.50142,2021,6,2021_6
179,2021-06-30,Ameria,Lori,1,40.82529,44.50142,2021,6,2021_6
180,2021-06-30,Ararat,Lori,4,40.82529,44.50142,2021,6,2021_6
181,2021-06-30,Armswiss,Lori,0,40.82529,44.50142,2021,6,2021_6
182,2021-06-30,Artsakh,Lori,0,40.82529,44.50142,2021,6,2021_6
183,2021-06-30,ASHB,Lori,6,40.82529,44.50142,2021,6,2021_6
184,2021-06-30,Byblos,Lori,0,40.82529,44.50142,2021,6,2021_6
185,2021-06-30,Converse,Lori,1,40.82529,44.50142,2021,6,2021_6
186,2021-06-30,Econom,Lori,3,40.82529,44.50142,2021,6,2021_6
187,2021-06-30,Evoca,Lori,1,40.82529,44.50142,2021,6,2021_6
188,2021-06-30,HSBC,Lori,0,40.82529,44.50142,2021,6,2021_6
189,2021-06-30,IDbank,Lori,1,40.82529,44.50142,2021,6,2021_6
190,2021-06-30,Ineco,Lori,2,40.82529,44.50142,2021,6,2021_6
191,2021-06-30,Mellat,Lori,0,40.82529,44.50142,2021,6,2021_6
192,2021-06-30,Uni,Lori,4,40.82529,44.50142,2021,6,2021_6
193,2021-06-30,VTB,Lori,5,40.82529,44.50142,2021,6,2021_6
194,2021-09-30,ABB,Lori,3,40.82529,44.50142,2021,9,2021_9
195,2021-09-30,ACBA,Lori,5,40.82529,44.50142,2021,9,2021_9
196,2021-09-30,Ameria,Lori,1,40.82529,44.50142,2021,9,2021_9
197,2021-09-30,Ararat,Lori,4,40.82529,44.50142,2021,9,2021_9
198,2021-09-30,Armswiss,Lori,0,40.82529,44.50142,2021,9,2021_9
199,2021-09-30,Artsakh,Lori,0,40.82529,44.50142,2021,9,2021_9
200,2021-09-30,ASHB,Lori,6,40.82529,44.50142,2021,9,2021_9
201,2021-09-30,Byblos,Lori,0,40.82529,44.50142,2021,9,2021_9
202,2021-09-30,Converse,Lori,1,40.82529,44.50142,2021,9,2021_9
203,2021-09-30,Econom,Lori,3,40.82529,44.50142,2021,9,2021_9
204,2021-09-30,Evoca,Lori,1,40.82529,44.50142,2021,9,2021_9
205,2021-09-30,HSBC,Lori,0,40.82529,44.50142,2021,9,2021_9
206,2021-09-30,IDbank,Lori,1,40.82529,44.50142,2021,9,2021_9
207,2021-09-30,Ineco,Lori,2,40.82529,44.50142,2021,9,2021_9
208,2021-09-30,Mellat,Lori,0,40.82529,44.50142,2021,9,2021_9
209,2021-09-30,Uni,Lori,4,40.82529,44.50142,2021,9,2021_9
210,2021-09-30,VTB,Lori,5,40.82529,44.50142,2021,9,2021_9
211,2021-12-31,ABB,Lori,3,40.82529,44.50142,2021,12,2021_12
212,2021-12-31,ACBA,Lori,5,40.82529,44.50142,2021,12,2021_12
213,2021-12-31,Ameria,Lori,1,40.82529,44.50142,2021,12,2021_12
214,2021-12-31,Ararat,Lori,4,40.82529,44.50142,2021,12,2021_12
215,2021-12-31,Armswiss,Lori,0,40.82529,44.50142,2021,12,2021_12
216,2021-12-31,Artsakh,Lori,0,40.82529,44.50142,2021,12,2021_12
217,2021-12-31,ASHB,Lori,6,40.82529,44.50142,2021,12,2021_12
218,2021-12-31,Byblos,Lori,0,40.82529,44.50142,2021,12,2021_12
219,2021-12-31,Converse,Lori,1,40.82529,44.50142,2021,12,2021_12
220,2021-12-31,Econom,Lori,3,40.82529,44.50142,2021,12,2021_12
221,2021-12-31,Evoca,Lori,1,40.82529,44.50142,2021,12,2021_12
222,2021-12-31,HSBC,Lori,0,40.82529,44.50142,2021,12,2021_12
223,2021-12-31,IDbank,Lori,1,40.82529,44.50142,2021,12,2021_12
224,2021-12-31,Ineco,Lori,2,40.82529,44.50142,2021,12,2021_12
225,2021-12-31,Mellat,Lori,0,40.82529,44.50142,2021,12,2021_12
226,2021-12-31,Uni,Lori,3,40.82529,44.50142,2021,12,2021_12
227,2021-12-31,VTB,Lori,5,40.82529,44.50142,2021,12,2021_12
228,2020-06-30,Artsakh,Tavush,0,40.87826,45.10705,2020,6,2020_6
229,2020-06-30,ASHB,Tavush,4,40.87826,45.10705,2020,6,2020_6
230,2020-06-30,Byblos,Tavush,0,40.87826,45.10705,2020,6,2020_6
231,2020-06-30,Converse,Tavush,2,40.87826,45.10705,2020,6,2020_6
232,2020-06-30,Econom,Tavush,1,40.87826,45.10705,2020,6,2020_6
233,2020-06-30,Evoca,Tavush,0,40.87826,45.10705,2020,6,2020_6
234,2020-06-30,HSBC,Tavush,0,40.87826,45.10705,2020,6,2020_6
235,2020-06-30,IDbank,Tavush,0,40.87826,45.10705,2020,6,2020_6
236,2020-06-30,Ineco,Tavush,0,40.87826,45.10705,2020,6,2020_6
237,2020-06-30,Mellat,Tavush,0,40.87826,45.10705,2020,6,2020_6
238,2020-06-30,Uni,Tavush,1,40.87826,45.10705,2020,6,2020_6
239,2020-06-30,VTB,Tavush,4,40.87826,45.10705,2020,6,2020_6
240,2020-09-30,ABB,Tavush,2,40.87826,45.10705,2020,9,2020_9
241,2020-09-30,ACBA,Tavush,4,40.87826,45.10705,2020,9,2020_9
242,2020-09-30,Ameria,Tavush,1,40.87826,45.10705,2020,9,2020_9
243,2020-09-30,Ararat,Tavush,4,40.87826,45.10705,2020,9,2020_9
244,2020-09-30,Armswiss,Tavush,0,40.87826,45.10705,2020,9,2020_9
245,2020-09-30,Artsakh,Tavush,0,40.87826,45.10705,2020,9,2020_9
246,2020-09-30,ASHB,Tavush,4,40.87826,45.10705,2020,9,2020_9
247,2020-09-30,Byblos,Tavush,0,40.87826,45.10705,2020,9,2020_9
248,2020-09-30,Converse,Tavush,2,40.87826,45.10705,2020,9,2020_9
249,2020-09-30,Econom,Tavush,1,40.87826,45.10705,2020,9,2020_9
250,2020-09-30,Evoca,Tavush,0,40.87826,45.10705,2020,9,2020_9
251,2020-09-30,HSBC,Tavush,0,40.87826,45.10705,2020,9,2020_9
252,2020-09-30,IDbank,Tavush,0,40.87826,45.10705,2020,9,2020_9
253,2020-09-30,Ineco,Tavush,0,40.87826,45.10705,2020,9,2020_9
254,2020-09-30,Mellat,Tavush,0,40.87826,45.10705,2020,9,2020_9
255,2020-09-30,Uni,Tavush,1,40.87826,45.10705,2020,9,2020_9
256,2020-09-30,VTB,Tavush,4,40.87826,45.10705,2020,9,2020_9
257,2020-12-31,ABB,Tavush,2,40.87826,45.10705,2020,12,2020_12
258,2020-12-31,ACBA,Tavush,4,40.87826,45.10705,2020,12,2020_12
259,2020-12-31,Ameria,Tavush,1,40.87826,45.10705,2020,12,2020_12
260,2020-12-31,Ararat,Tavush,4,40.87826,45.10705,2020,12,2020_12
261,2020-12-31,Armswiss,Tavush,0,40.87826,45.10705,2020,12,2020_12
262,2020-12-31,Artsakh,Tavush,0,40.87826,45.10705,2020,12,2020_12
263,2020-12-31,ASHB,Tavush,4,40.87826,45.10705,2020,12,2020_12
264,2020-12-31,Byblos,Tavush,0,40.87826,45.10705,2020,12,2020_12
265,2020-12-31,Converse,Tavush,2,40.87826,45.10705,2020,12,2020_12
266,2020-12-31,Econom,Tavush,1,40.87826,45.10705,2020,12,2020_12
267,2020-12-31,Evoca,Tavush,0,40.87826,45.10705,2020,12,2020_12
268,2020-12-31,HSBC,Tavush,0,40.87826,45.10705,2020,12,2020_12
269,2020-12-31,IDbank,Tavush,0,40.87826,45.10705,2020,12,2020_12
270,2020-12-31,Ineco,Tavush,0,40.87826,45.10705,2020,12,2020_12
271,2020-12-31,Mellat,Tavush,0,40.87826,45.10705,2020,12,2020_12
272,2020-12-31,Uni,Tavush,1,40.87826,45.10705,2020,12,2020_12
273,2020-12-31,VTB,Tavush,4,40.87826,45.10705,2020,12,2020_12
274,2021-03-31,ABB,Tavush,2,40.87826,45.10705,2021,3,2021_3
275,2021-03-31,ACBA,Tavush,4,40.87826,45.10705,2021,3,2021_3
276,2021-03-31,Ameria,Tavush,1,40.87826,45.10705,2021,3,2021_3
277,2021-03-31,Ararat,Tavush,4,40.87826,45.10705,2021,3,2021_3
278,2021-03-31,Armswiss,Tavush,0,40.87826,45.10705,2021,3,2021_3
279,2021-03-31,Artsakh,Tavush,0,40.87826,45.10705,2021,3,2021_3
280,2021-03-31,ASHB,Tavush,4,40.87826,45.10705,2021,3,2021_3
281,2021-03-31,Byblos,Tavush,0,40.87826,45.10705,2021,3,2021_3
282,2021-03-31,Converse,Tavush,2,40.87826,45.10705,2021,3,2021_3
283,2021-03-31,Econom,Tavush,1,40.87826,45.10705,2021,3,2021_3
284,2021-03-31,Evoca,Tavush,0,40.87826,45.10705,2021,3,2021_3
285,2021-03-31,HSBC,Tavush,0,40.87826,45.10705,2021,3,2021_3
286,2021-03-31,IDbank,Tavush,0,40.87826,45.10705,2021,3,2021_3
287,2021-03-31,Ineco,Tavush,0,40.87826,45.10705,2021,3,2021_3
288,2021-03-31,Mellat,Tavush,0,40.87826,45.10705,2021,3,2021_3
289,2021-03-31,Uni,Tavush,1,40.87826,45.10705,2021,3,2021_3
290,2021-03-31,VTB,Tavush,4,40.87826,45.10705,2021,3,2021_3
291,2021-06-30,ABB,Tavush,2,40.87826,45.10705,2021,6,2021_6
292,2021-06-30,ACBA,Tavush,4,40.87826,45.10705,2021,6,2021_6
293,2021-06-30,Ameria,Tavush,1,40.87826,45.10705,2021,6,2021_6
294,2021-06-30,Ararat,Tavush,4,40.87826,45.10705,2021,6,2021_6
295,2021-06-30,Armswiss,Tavush,0,40.87826,45.10705,2021,6,2021_6
296,2021-06-30,Artsakh,Tavush,0,40.87826,45.10705,2021,6,2021_6
297,2021-06-30,ASHB,Tavush,4,40.87826,45.10705,2021,6,2021_6
298,2021-06-30,Byblos,Tavush,0,40.87826,45.10705,2021,6,2021_6
299,2021-06-30,Converse,Tavush,2,40.87826,45.10705,2021,6,2021_6
300,2021-06-30,Econom,Tavush,1,40.87826,45.10705,2021,6,2021_6
301,2021-06-30,Evoca,Tavush,0,40.87826,45.10705,2021,6,2021_6
302,2021-06-30,HSBC,Tavush,0,40.87826,45.10705,2021,6,2021_6
303,2021-06-30,IDbank,Tavush,0,40.87826,45.10705,2021,6,2021_6
304,2021-06-30,Ineco,Tavush,0,40.87826,45.10705,2021,6,2021_6
305,2021-06-30,Mellat,Tavush,0,40.87826,45.10705,2021,6,2021_6
306,2021-06-30,Uni,Tavush,1,40.87826,45.10705,2021,6,2021_6
307,2021-06-30,VTB,Tavush,4,40.87826,45.10705,2021,6,2021_6
308,2021-09-30,ABB,Tavush,2,40.87826,45.10705,2021,9,2021_9
309,2021-09-30,ACBA,Tavush,4,40.87826,45.10705,2021,9,2021_9
310,2021-09-30,Ameria,Tavush,1,40.87826,45.10705,2021,9,2021_9
311,2021-09-30,Ararat,Tavush,4,40.87826,45.10705,2021,9,2021_9
312,2021-09-30,Armswiss,Tavush,0,40.87826,45.10705,2021,9,2021_9
313,2021-09-30,Artsakh,Tavush,0,40.87826,45.10705,2021,9,2021_9
314,2021-09-30,ASHB,Tavush,4,40.87826,45.10705,2021,9,2021_9
315,2021-09-30,Byblos,Tavush,0,40.87826,45.10705,2021,9,2021_9
316,2021-09-30,Converse,Tavush,2,40.87826,45.10705,2021,9,2021_9
317,2021-09-30,Econom,Tavush,1,40.87826,45.10705,2021,9,2021_9
318,2021-09-30,Evoca,Tavush,0,40.87826,45.10705,2021,9,2021_9
319,2021-09-30,HSBC,Tavush,0,40.87826,45.10705,2021,9,2021_9
320,2021-09-30,IDbank,Tavush,0,40.87826,45.10705,2021,9,2021_9
321,2021-09-30,Ineco,Tavush,0,40.87826,45.10705,2021,9,2021_9
322,2021-09-30,Mellat,Tavush,0,40.87826,45.10705,2021,9,2021_9
323,2021-09-30,Uni,Tavush,1,40.87826,45.10705,2021,9,2021_9
324,2021-09-30,VTB,Tavush,3,40.87826,45.10705,2021,9,2021_9
325,2021-12-31,ABB,Tavush,2,40.87826,45.10705,2021,12,2021_12
326,2021-12-31,ACBA,Tavush,4,40.87826,45.10705,2021,12,2021_12
327,2021-12-31,Ameria,Tavush,1,40.87826,45.10705,2021,12,2021_12
328,2021-12-31,Ararat,Tavush,4,40.87826,45.10705,2021,12,2021_12
329,2021-12-31,Armswiss,Tavush,0,40.87826,45.10705,2021,12,2021_12
330,2021-12-31,Artsakh,Tavush,0,40.87826,45.10705,2021,12,2021_12
331,2021-12-31,ASHB,Tavush,4,40.87826,45.10705,2021,12,2021_12
332,2021-12-31,Byblos,Tavush,0,40.87826,45.10705,2021,12,2021_12
333,2021-12-31,Converse,Tavush,2,40.87826,45.10705,2021,12,2021_12
334,2021-12-31,Econom,Tavush,1,40.87826,45.10705,2021,12,2021_12
335,2021-12-31,Evoca,Tavush,0,40.87826,45.10705,2021,12,2021_12
336,2021-12-31,HSBC,Tavush,0,40.87826,45.10705,2021,12,2021_12
337,2021-12-31,IDbank,Tavush,0,40.87826,45.10705,2021,12,2021_12
338,2021-12-31,Ineco,Tavush,0,40.87826,45.10705,2021,12,2021_12
339,2021-12-31,Mellat,Tavush,0,40.87826,45.10705,2021,12,2021_12
340,2021-12-31,Uni,Tavush,1,40.87826,45.10705,2021,12,2021_12
341,2021-12-31,VTB,Tavush,4,40.87826,45.10705,2021,12,2021_12
342,2020-06-30,Artsakh,Syuniq,0,39.21953,46.39519,2020,6,2020_6
343,2020-06-30,ASHB,Syuniq,5,39.21953,46.39519,2020,6,2020_6
344,2020-06-30,Byblos,Syuniq,0,39.21953,46.39519,2020,6,2020_6
345,2020-06-30,Converse,Syuniq,1,39.21953,46.39519,2020,6,2020_6
346,2020-06-30,Econom,Syuniq,2,39.21953,46.39519,2020,6,2020_6
347,2020-06-30,Evoca,Syuniq,0,39.21953,46.39519,2020,6,2020_6
348,2020-06-30,HSBC,Syuniq,0,39.21953,46.39519,2020,6,2020_6
349,2020-06-30,IDbank,Syuniq,0,39.21953,46.39519,2020,6,2020_6
350,2020-06-30,Ineco,Syuniq,0,39.21953,46.39519,2020,6,2020_6
351,2020-06-30,Mellat,Syuniq,0,39.21953,46.39519,2020,6,2020_6
352,2020-06-30,Uni,Syuniq,3,39.21953,46.39519,2020,6,2020_6
353,2020-06-30,VTB,Syuniq,5,39.21953,46.39519,2020,6,2020_6
354,2020-09-30,ABB,Syuniq,3,39.21953,46.39519,2020,9,2020_9
355,2020-09-30,ACBA,Syuniq,4,39.21953,46.39519,2020,9,2020_9
356,2020-09-30,Ameria,Syuniq,2,39.21953,46.39519,2020,9,2020_9
357,2020-09-30,Ararat,Syuniq,3,39.21953,46.39519,2020,9,2020_9
358,2020-09-30,Armswiss,Syuniq,0,39.21953,46.39519,2020,9,2020_9
359,2020-09-30,Artsakh,Syuniq,0,39.21953,46.39519,2020,9,2020_9
360,2020-09-30,ASHB,Syuniq,5,39.21953,46.39519,2020,9,2020_9
361,2020-09-30,Byblos,Syuniq,0,39.21953,46.39519,2020,9,2020_9
362,2020-09-30,Converse,Syuniq,1,39.21953,46.39519,2020,9,2020_9
363,2020-09-30,Econom,Syuniq,2,39.21953,46.39519,2020,9,2020_9
364,2020-09-30,Evoca,Syuniq,0,39.21953,46.39519,2020,9,2020_9
365,2020-09-30,HSBC,Syuniq,0,39.21953,46.39519,2020,9,2020_9
366,2020-09-30,IDbank,Syuniq,0,39.21953,46.39519,2020,9,2020_9
367,2020-09-30,Ineco,Syuniq,0,39.21953,46.39519,2020,9,2020_9
368,2020-09-30,Mellat,Syuniq,0,39.21953,46.39519,2020,9,2020_9
369,2020-09-30,Uni,Syuniq,3,39.21953,46.39519,2020,9,2020_9
370,2020-09-30,VTB,Syuniq,4,39.21953,46.39519,2020,9,2020_9
371,2020-12-31,ABB,Syuniq,3,39.21953,46.39519,2020,12,2020_12
372,2020-12-31,ACBA,Syuniq,4,39.21953,46.39519,2020,12,2020_12
373,2020-12-31,Ameria,Syuniq,2,39.21953,46.39519,2020,12,2020_12
374,2020-12-31,Ararat,Syuniq,3,39.21953,46.39519,2020,12,2020_12
375,2020-12-31,Armswiss,Syuniq,0,39.21953,46.39519,2020,12,2020_12
376,2020-12-31,Artsakh,Syuniq,0,39.21953,46.39519,2020,12,2020_12
377,2020-12-31,ASHB,Syuniq,5,39.21953,46.39519,2020,12,2020_12
378,2020-12-31,Byblos,Syuniq,0,39.21953,46.39519,2020,12,2020_12
379,2020-12-31,Converse,Syuniq,1,39.21953,46.39519,2020,12,2020_12
380,2020-12-31,Econom,Syuniq,2,39.21953,46.39519,2020,12,2020_12
381,2020-12-31,Evoca,Syuniq,0,39.21953,46.39519,2020,12,2020_12
382,2020-12-31,HSBC,Syuniq,0,39.21953,46.39519,2020,12,2020_12
383,2020-12-31,IDbank,Syuniq,0,39.21953,46.39519,2020,12,2020_12
384,2020-12-31,Ineco,Syuniq,0,39.21953,46.39519,2020,12,2020_12
385,2020-12-31,Mellat,Syuniq,0,39.21953,46.39519,2020,12,2020_12
386,2020-12-31,Uni,Syuniq,3,39.21953,46.39519,2020,12,2020_12
387,2020-12-31,VTB,Syuniq,4,39.21953,46.39519,2020,12,2020_12
388,2021-03-31,ABB,Syuniq,3,39.21953,46.39519,2021,3,2021_3
389,2021-03-31,ACBA,Syuniq,4,39.21953,46.39519,2021,3,2021_3
390,2021-03-31,Ameria,Syuniq,2,39.21953,46.39519,2021,3,2021_3
391,2021-03-31,Ararat,Syuniq,3,39.21953,46.39519,2021,3,2021_3
392,2021-03-31,Armswiss,Syuniq,0,39.21953,46.39519,2021,3,2021_3
393,2021-03-31,Artsakh,Syuniq,0,39.21953,46.39519,2021,3,2021_3
394,2021-03-31,ASHB,Syuniq,5,39.21953,46.39519,2021,3,2021_3
395,2021-03-31,Byblos,Syuniq,0,39.21953,46.39519,2021,3,2021_3
396,2021-03-31,Converse,Syuniq,1,39.21953,46.39519,2021,3,2021_3
397,2021-03-31,Econom,Syuniq,2,39.21953,46.39519,2021,3,2021_3
398,2021-03-31,Evoca,Syuniq,0,39.21953,46.39519,2021,3,2021_3
399,2021-03-31,HSBC,Syuniq,0,39.21953,46.39519,2021,3,2021_3
400,2021-03-31,IDbank,Syuniq,0,39.21953,46.39519,2021,3,2021_3
401,2021-03-31,Ineco,Syuniq,0,39.21953,46.39519,2021,3,2021_3
402,2021-03-31,Mellat,Syuniq,0,39.21953,46.39519,2021,3,2021_3
403,2021-03-31,Uni,Syuniq,4,39.21953,46.39519,2021,3,2021_3
404,2021-03-31,VTB,Syuniq,4,39.21953,46.39519,2021,3,2021_3
405,2021-06-30,ABB,Syuniq,3,39.21953,46.39519,2021,6,2021_6
406,2021-06-30,ACBA,Syuniq,4,39.21953,46.39519,2021,6,2021_6
407,2021-06-30,Ameria,Syuniq,2,39.21953,46.39519,2021,6,2021_6
408,2021-06-30,Ararat,Syuniq,3,39.21953,46.39519,2021,6,2021_6
409,2021-06-30,Armswiss,Syuniq,0,39.21953,46.39519,2021,6,2021_6
410,2021-06-30,Artsakh,Syuniq,0,39.21953,46.39519,2021,6,2021_6
411,2021-06-30,ASHB,Syuniq,5,39.21953,46.39519,2021,6,2021_6
412,2021-06-30,Byblos,Syuniq,0,39.21953,46.39519,2021,6,2021_6
413,2021-06-30,Converse,Syuniq,1,39.21953,46.39519,2021,6,2021_6
414,2021-06-30,Econom,Syuniq,2,39.21953,46.39519,2021,6,2021_6
415,2021-06-30,Evoca,Syuniq,0,39.21953,46.39519,2021,6,2021_6
416,2021-06-30,HSBC,Syuniq,0,39.21953,46.39519,2021,6,2021_6
417,2021-06-30,IDbank,Syuniq,0,39.21953,46.39519,2021,6,2021_6
418,2021-06-30,Ineco,Syuniq,0,39.21953,46.39519,2021,6,2021_6
419,2021-06-30,Mellat,Syuniq,0,39.21953,46.39519,2021,6,2021_6
420,2021-06-30,Uni,Syuniq,3,39.21953,46.39519,2021,6,2021_6
421,2021-06-30,VTB,Syuniq,5,39.21953,46.39519,2021,6,2021_6
422,2021-09-30,ABB,Syuniq,3,39.21953,46.39519,2021,9,2021_9
423,2021-09-30,ACBA,Syuniq,4,39.21953,46.39519,2021,9,2021_9
424,2021-09-30,Ameria,Syuniq,2,39.21953,46.39519,2021,9,2021_9
425,2021-09-30,Ararat,Syuniq,3,39.21953,46.39519,2021,9,2021_9
426,2021-09-30,Armswiss,Syuniq,0,39.21953,46.39519,2021,9,2021_9
427,2021-09-30,Artsakh,Syuniq,0,39.21953,46.39519,2021,9,2021_9
428,2021-09-30,ASHB,Syuniq,5,39.21953,46.39519,2021,9,2021_9
429,2021-09-30,Byblos,Syuniq,0,39.21953,46.39519,2021,9,2021_9
430,2021-09-30,Converse,Syuniq,1,39.21953,46.39519,2021,9,2021_9
431,2021-09-30,Econom,Syuniq,2,39.21953,46.39519,2021,9,2021_9
432,2021-09-30,Evoca,Syuniq,0,39.21953,46.39519,2021,9,2021_9
433,2021-09-30,HSBC,Syuniq,0,39.21953,46.39519,2021,9,2021_9
434,2021-09-30,IDbank,Syuniq,0,39.21953,46.39519,2021,9,2021_9
435,2021-09-30,Ineco,Syuniq,0,39.21953,46.39519,2021,9,2021_9
436,2021-09-30,Mellat,Syuniq,0,39.21953,46.39519,2021,9,2021_9
437,2021-09-30,Uni,Syuniq,3,39.21953,46.39519,2021,9,2021_9
438,2021-09-30,VTB,Syuniq,5,39.21953,46.39519,2021,9,2021_9
439,2021-12-31,ABB,Syuniq,3,39.21953,46.39519,2021,12,2021_12
440,2021-12-31,ACBA,Syuniq,4,39.21953,46.39519,2021,12,2021_12
441,2021-12-31,Ameria,Syuniq,2,39.21953,46.39519,2021,12,2021_12
442,2021-12-31,Ararat,Syuniq,3,39.21953,46.39519,2021,12,2021_12
443,2021-12-31,Armswiss,Syuniq,0,39.21953,46.39519,2021,12,2021_12
444,2021-12-31,Artsakh,Syuniq,0,39.21953,46.39519,2021,12,2021_12
445,2021-12-31,ASHB,Syuniq,5,39.21953,46.39519,2021,12,2021_12
446,2021-12-31,Byblos,Syuniq,0,39.21953,46.39519,2021,12,2021_12
447,2021-12-31,Converse,Syuniq,1,39.21953,46.39519,2021,12,2021_12
448,2021-12-31,Econom,Syuniq,2,39.21953,46.39519,2021,12,2021_12
449,2021-12-31,Evoca,Syuniq,0,39.21953,46.39519,2021,12,2021_12
450,2021-12-31,HSBC,Syuniq,0,39.21953,46.39519,2021,12,2021_12
451,2021-12-31,IDbank,Syuniq,0,39.21953,46.39519,2021,12,2021_12
452,2021-12-31,Ineco,Syuniq,0,39.21953,46.39519,2021,12,2021_12
453,2021-12-31,Mellat,Syuniq,0,39.21953,46.39519,2021,12,2021_12
454,2021-12-31,Uni,Syuniq,3,39.21953,46.39519,2021,12,2021_12
455,2021-12-31,VTB,Syuniq,5,39.21953,46.39519,2021,12,2021_12
456,2020-06-30,Artsakh,Ararat,0,39.87132,44.70536,2020,6,2020_6
457,2020-06-30,ASHB,Ararat,5,39.87132,44.70536,2020,6,2020_6
458,2020-06-30,Byblos,Ararat,0,39.87132,44.70536,2020,6,2020_6
459,2020-06-30,Converse,Ararat,1,39.87132,44.70536,2020,6,2020_6
460,2020-06-30,Econom,Ararat,2,39.87132,44.70536,2020,6,2020_6
461,2020-06-30,Evoca,Ararat,0,39.87132,44.70536,2020,6,2020_6
462,2020-06-30,HSBC,Ararat,0,39.87132,44.70536,2020,6,2020_6
463,2020-06-30,IDbank,Ararat,0,39.87132,44.70536,2020,6,2020_6
464,2020-06-30,Ineco,Ararat,1,39.87132,44.70536,2020,6,2020_6
465,2020-06-30,Mellat,Ararat,0,39.87132,44.70536,2020,6,2020_6
466,2020-06-30,Uni,Ararat,2,39.87132,44.70536,2020,6,2020_6
467,2020-06-30,VTB,Ararat,4,39.87132,44.70536,2020,6,2020_6
468,2020-09-30,ABB,Ararat,3,39.87132,44.70536,2020,9,2020_9
469,2020-09-30,ACBA,Ararat,4,39.87132,44.70536,2020,9,2020_9
470,2020-09-30,Ameria,Ararat,0,39.87132,44.70536,2020,9,2020_9
471,2020-09-30,Ararat,Ararat,2,39.87132,44.70536,2020,9,2020_9
472,2020-09-30,Armswiss,Ararat,0,39.87132,44.70536,2020,9,2020_9
473,2020-09-30,Artsakh,Ararat,0,39.87132,44.70536,2020,9,2020_9
474,2020-09-30,ASHB,Ararat,5,39.87132,44.70536,2020,9,2020_9
475,2020-09-30,Byblos,Ararat,0,39.87132,44.70536,2020,9,2020_9
476,2020-09-30,Converse,Ararat,1,39.87132,44.70536,2020,9,2020_9
477,2020-09-30,Econom,Ararat,2,39.87132,44.70536,2020,9,2020_9
478,2020-09-30,Evoca,Ararat,0,39.87132,44.70536,2020,9,2020_9
479,2020-09-30,HSBC,Ararat,0,39.87132,44.70536,2020,9,2020_9
480,2020-09-30,IDbank,Ararat,0,39.87132,44.70536,2020,9,2020_9
481,2020-09-30,Ineco,Ararat,1,39.87132,44.70536,2020,9,2020_9
482,2020-09-30,Mellat,Ararat,0,39.87132,44.70536,2020,9,2020_9
483,2020-09-30,Uni,Ararat,2,39.87132,44.70536,2020,9,2020_9
484,2020-09-30,VTB,Ararat,5,39.87132,44.70536,2020,9,2020_9
485,2020-12-31,ABB,Ararat,3,39.87132,44.70536,2020,12,2020_12
486,2020-12-31,ACBA,Ararat,4,39.87132,44.70536,2020,12,2020_12
487,2020-12-31,Ameria,Ararat,0,39.87132,44.70536,2020,12,2020_12
488,2020-12-31,Ararat,Ararat,2,39.87132,44.70536,2020,12,2020_12
489,2020-12-31,Armswiss,Ararat,0,39.87132,44.70536,2020,12,2020_12
490,2020-12-31,Artsakh,Ararat,0,39.87132,44.70536,2020,12,2020_12
491,2020-12-31,ASHB,Ararat,5,39.87132,44.70536,2020,12,2020_12
492,2020-12-31,Byblos,Ararat,0,39.87132,44.70536,2020,12,2020_12
493,2020-12-31,Converse,Ararat,1,39.87132,44.70536,2020,12,2020_12
494,2020-12-31,Econom,Ararat,2,39.87132,44.70536,2020,12,2020_12
495,2020-12-31,Evoca,Ararat,0,39.87132,44.70536,2020,12,2020_12
496,2020-12-31,HSBC,Ararat,0,39.87132,44.70536,2020,12,2020_12
497,2020-12-31,IDbank,Ararat,0,39.87132,44.70536,2020,12,2020_12
498,2020-12-31,Ineco,Ararat,1,39.87132,44.70536,2020,12,2020_12
499,2020-12-31,Mellat,Ararat,0,39.87132,44.70536,2020,12,2020_12
500,2020-12-31,Uni,Ararat,2,39.87132,44.70536,2020,12,2020_12
501,2020-12-31,VTB,Ararat,5,39.87132,44.70536,2020,12,2020_12
502,2021-03-31,ABB,Ararat,3,39.87132,44.70536,2021,3,2021_3
503,2021-03-31,ACBA,Ararat,4,39.87132,44.70536,2021,3,2021_3
504,2021-03-31,Ameria,Ararat,0,39.87132,44.70536,2021,3,2021_3
505,2021-03-31,Ararat,Ararat,2,39.87132,44.70536,2021,3,2021_3
506,2021-03-31,Armswiss,Ararat,0,39.87132,44.70536,2021,3,2021_3
507,2021-03-31,Artsakh,Ararat,0,39.87132,44.70536,2021,3,2021_3
508,2021-03-31,ASHB,Ararat,5,39.87132,44.70536,2021,3,2021_3
509,2021-03-31,Byblos,Ararat,0,39.87132,44.70536,2021,3,2021_3
510,2021-03-31,Converse,Ararat,1,39.87132,44.70536,2021,3,2021_3
511,2021-03-31,Econom,Ararat,1,39.87132,44.70536,2021,3,2021_3
512,2021-03-31,Evoca,Ararat,0,39.87132,44.70536,2021,3,2021_3
513,2021-03-31,HSBC,Ararat,0,39.87132,44.70536,2021,3,2021_3
514,2021-03-31,IDbank,Ararat,0,39.87132,44.70536,2021,3,2021_3
515,2021-03-31,Ineco,Ararat,1,39.87132,44.70536,2021,3,2021_3
516,2021-03-31,Mellat,Ararat,0,39.87132,44.70536,2021,3,2021_3
517,2021-03-31,Uni,Ararat,2,39.87132,44.70536,2021,3,2021_3
518,2021-03-31,VTB,Ararat,5,39.87132,44.70536,2021,3,2021_3
519,2021-06-30,ABB,Ararat,3,39.87132,44.70536,2021,6,2021_6
520,2021-06-30,ACBA,Ararat,4,39.87132,44.70536,2021,6,2021_6
521,2021-06-30,Ameria,Ararat,0,39.87132,44.70536,2021,6,2021_6
522,2021-06-30,Ararat,Ararat,2,39.87132,44.70536,2021,6,2021_6
523,2021-06-30,Armswiss,Ararat,0,39.87132,44.70536,2021,6,2021_6
524,2021-06-30,Artsakh,Ararat,0,39.87132,44.70536,2021,6,2021_6
525,2021-06-30,ASHB,Ararat,5,39.87132,44.70536,2021,6,2021_6
526,2021-06-30,Byblos,Ararat,0,39.87132,44.70536,2021,6,2021_6
527,2021-06-30,Converse,Ararat,1,39.87132,44.70536,2021,6,2021_6
528,2021-06-30,Econom,Ararat,2,39.87132,44.70536,2021,6,2021_6
529,2021-06-30,Evoca,Ararat,0,39.87132,44.70536,2021,6,2021_6
530,2021-06-30,HSBC,Ararat,0,39.87132,44.70536,2021,6,2021_6
531,2021-06-30,IDbank,Ararat,0,39.87132,44.70536,2021,6,2021_6
532,2021-06-30,Ineco,Ararat,1,39.87132,44.70536,2021,6,2021_6
533,2021-06-30,Mellat,Ararat,0,39.87132,44.70536,2021,6,2021_6
534,2021-06-30,Uni,Ararat,2,39.87132,44.70536,2021,6,2021_6
535,2021-06-30,VTB,Ararat,4,39.87132,44.70536,2021,6,2021_6
536,2021-09-30,ABB,Ararat,3,39.87132,44.70536,2021,9,2021_9
537,2021-09-30,ACBA,Ararat,4,39.87132,44.70536,2021,9,2021_9
538,2021-09-30,Ameria,Ararat,0,39.87132,44.70536,2021,9,2021_9
539,2021-09-30,Ararat,Ararat,2,39.87132,44.70536,2021,9,2021_9
540,2021-09-30,Armswiss,Ararat,0,39.87132,44.70536,2021,9,2021_9
541,2021-09-30,Artsakh,Ararat,0,39.87132,44.70536,2021,9,2021_9
542,2021-09-30,ASHB,Ararat,5,39.87132,44.70536,2021,9,2021_9
543,2021-09-30,Byblos,Ararat,0,39.87132,44.70536,2021,9,2021_9
544,2021-09-30,Converse,Ararat,1,39.87132,44.70536,2021,9,2021_9
545,2021-09-30,Econom,Ararat,2,39.87132,44.70536,2021,9,2021_9
546,2021-09-30,Evoca,Ararat,0,39.87132,44.70536,2021,9,2021_9
547,2021-09-30,HSBC,Ararat,0,39.87132,44.70536,2021,9,2021_9
548,2021-09-30,IDbank,Ararat,0,39.87132,44.70536,2021,9,2021_9
549,2021-09-30,Ineco,Ararat,1,39.87132,44.70536,2021,9,2021_9
550,2021-09-30,Mellat,Ararat,0,39.87132,44.70536,2021,9,2021_9
551,2021-09-30,Uni,Ararat,2,39.87132,44.70536,2021,9,2021_9
552,2021-09-30,VTB,Ararat,4,39.87132,44.70536,2021,9,2021_9
553,2021-12-31,ABB,Ararat,3,39.87132,44.70536,2021,12,2021_12
554,2021-12-31,ACBA,Ararat,4,39.87132,44.70536,2021,12,2021_12
555,2021-12-31,Ameria,Ararat,0,39.87132,44.70536,2021,12,2021_12
556,2021-12-31,Ararat,Ararat,2,39.87132,44.70536,2021,12,2021_12
557,2021-12-31,Armswiss,Ararat,0,39.87132,44.70536,2021,12,2021_12
558,2021-12-31,Artsakh,Ararat,0,39.87132,44.70536,2021,12,2021_12
559,2021-12-31,ASHB,Ararat,5,39.87132,44.70536,2021,12,2021_12
560,2021-12-31,Byblos,Ararat,0,39.87132,44.70536,2021,12,2021_12
561,2021-12-31,Converse,Ararat,1,39.87132,44.70536,2021,12,2021_12
562,2021-12-31,Econom,Ararat,2,39.87132,44.70536,2021,12,2021_12
563,2021-12-31,Evoca,Ararat,0,39.87132,44.70536,2021,12,2021_12
564,2021-12-31,HSBC,Ararat,0,39.87132,44.70536,2021,12,2021_12
565,2021-12-31,IDbank,Ararat,0,39.87132,44.70536,2021,12,2021_12
566,2021-12-31,Ineco,Ararat,1,39.87132,44.70536,2021,12,2021_12
567,2021-12-31,Mellat,Ararat,0,39.87132,44.70536,2021,12,2021_12
568,2021-12-31,Uni,Ararat,2,39.87132,44.70536,2021,12,2021_12
569,2021-12-31,VTB,Ararat,4,39.87132,44.70536,2021,12,2021_12
570,2020-06-30,Artsakh,Kotayq,0,40.52376,44.77265,2020,6,2020_6
571,2020-06-30,ASHB,Kotayq,6,40.52376,44.77265,2020,6,2020_6
572,2020-06-30,Byblos,Kotayq,0,40.52376,44.77265,2020,6,2020_6
573,2020-06-30,Converse,Kotayq,6,40.52376,44.77265,2020,6,2020_6
574,2020-06-30,Econom,Kotayq,5,40.52376,44.77265,2020,6,2020_6
575,2020-06-30,Evoca,Kotayq,1,40.52376,44.77265,2020,6,2020_6
576,2020-06-30,HSBC,Kotayq,0,40.52376,44.77265,2020,6,2020_6
577,2020-06-30,IDbank,Kotayq,1,40.52376,44.77265,2020,6,2020_6
578,2020-06-30,Ineco,Kotayq,2,40.52376,44.77265,2020,6,2020_6
579,2020-06-30,Mellat,Kotayq,0,40.52376,44.77265,2020,6,2020_6
580,2020-06-30,Uni,Kotayq,2,40.52376,44.77265,2020,6,2020_6
581,2020-06-30,VTB,Kotayq,5,40.52376,44.77265,2020,6,2020_6
582,2020-09-30,ABB,Kotayq,4,40.52376,44.77265,2020,9,2020_9
583,2020-09-30,ACBA,Kotayq,5,40.52376,44.77265,2020,9,2020_9
584,2020-09-30,Ameria,Kotayq,1,40.52376,44.77265,2020,9,2020_9
585,2020-09-30,Ararat,Kotayq,5,40.52376,44.77265,2020,9,2020_9
586,2020-09-30,Armswiss,Kotayq,0,40.52376,44.77265,2020,9,2020_9
587,2020-09-30,Artsakh,Kotayq,0,40.52376,44.77265,2020,9,2020_9
588,2020-09-30,ASHB,Kotayq,6,40.52376,44.77265,2020,9,2020_9
589,2020-09-30,Byblos,Kotayq,0,40.52376,44.77265,2020,9,2020_9
590,2020-09-30,Converse,Kotayq,6,40.52376,44.77265,2020,9,2020_9
591,2020-09-30,Econom,Kotayq,6,40.52376,44.77265,2020,9,2020_9
592,2020-09-30,Evoca,Kotayq,1,40.52376,44.77265,2020,9,2020_9
593,2020-09-30,HSBC,Kotayq,0,40.52376,44.77265,2020,9,2020_9
594,2020-09-30,IDbank,Kotayq,1,40.52376,44.77265,2020,9,2020_9
595,2020-09-30,Ineco,Kotayq,2,40.52376,44.77265,2020,9,2020_9
596,2020-09-30,Mellat,Kotayq,0,40.52376,44.77265,2020,9,2020_9
597,2020-09-30,Uni,Kotayq,2,40.52376,44.77265,2020,9,2020_9
598,2020-09-30,VTB,Kotayq,6,40.52376,44.77265,2020,9,2020_9
599,2020-12-31,ABB,Kotayq,3,40.52376,44.77265,2020,12,2020_12
600,2020-12-31,ACBA,Kotayq,5,40.52376,44.77265,2020,12,2020_12
601,2020-12-31,Ameria,Kotayq,1,40.52376,44.77265,2020,12,2020_12
602,2020-12-31,Ararat,Kotayq,5,40.52376,44.77265,2020,12,2020_12
603,2020-12-31,Armswiss,Kotayq,0,40.52376,44.77265,2020,12,2020_12
604,2020-12-31,Artsakh,Kotayq,0,40.52376,44.77265,2020,12,2020_12
605,2020-12-31,ASHB,Kotayq,6,40.52376,44.77265,2020,12,2020_12
606,2020-12-31,Byblos,Kotayq,1,40.52376,44.77265,2020,12,2020_12
607,2020-12-31,Converse,Kotayq,6,40.52376,44.77265,2020,12,2020_12
608,2020-12-31,Econom,Kotayq,5,40.52376,44.77265,2020,12,2020_12
609,2020-12-31,Evoca,Kotayq,1,40.52376,44.77265,2020,12,2020_12
610,2020-12-31,HSBC,Kotayq,0,40.52376,44.77265,2020,12,2020_12
611,2020-12-31,IDbank,Kotayq,1,40.52376,44.77265,2020,12,2020_12
612,2020-12-31,Ineco,Kotayq,2,40.52376,44.77265,2020,12,2020_12
613,2020-12-31,Mellat,Kotayq,0,40.52376,44.77265,2020,12,2020_12
614,2020-12-31,Uni,Kotayq,2,40.52376,44.77265,2020,12,2020_12
615,2020-12-31,VTB,Kotayq,5,40.52376,44.77265,2020,12,2020_12
616,2021-03-31,ABB,Kotayq,3,40.52376,44.77265,2021,3,2021_3
617,2021-03-31,ACBA,Kotayq,5,40.52376,44.77265,2021,3,2021_3
618,2021-03-31,Ameria,Kotayq,1,40.52376,44.77265,2021,3,2021_3
619,2021-03-31,Ararat,Kotayq,5,40.52376,44.77265,2021,3,2021_3
620,2021-03-31,Armswiss,Kotayq,0,40.52376,44.77265,2021,3,2021_3
621,2021-03-31,Artsakh,Kotayq,0,40.52376,44.77265,2021,3,2021_3
622,2021-03-31,ASHB,Kotayq,6,40.52376,44.77265,2021,3,2021_3
623,2021-03-31,Byblos,Kotayq,0,40.52376,44.77265,2021,3,2021_3
624,2021-03-31,Converse,Kotayq,5,40.52376,44.77265,2021,3,2021_3
625,2021-03-31,Econom,Kotayq,5,40.52376,44.77265,2021,3,2021_3
626,2021-03-31,Evoca,Kotayq,1,40.52376,44.77265,2021,3,2021_3
627,2021-03-31,HSBC,Kotayq,0,40.52376,44.77265,2021,3,2021_3
628,2021-03-31,IDbank,Kotayq,1,40.52376,44.77265,2021,3,2021_3
629,2021-03-31,Ineco,Kotayq,2,40.52376,44.77265,2021,3,2021_3
630,2021-03-31,Mellat,Kotayq,0,40.52376,44.77265,2021,3,2021_3
631,2021-03-31,Uni,Kotayq,3,40.52376,44.77265,2021,3,2021_3
632,2021-03-31,VTB,Kotayq,5,40.52376,44.77265,2021,3,2021_3
633,2021-06-30,ABB,Kotayq,3,40.52376,44.77265,2021,6,2021_6
634,2021-06-30,ACBA,Kotayq,5,40.52376,44.77265,2021,6,2021_6
635,2021-06-30,Ameria,Kotayq,1,40.52376,44.77265,2021,6,2021_6
636,2021-06-30,Ararat,Kotayq,5,40.52376,44.77265,2021,6,2021_6
637,2021-06-30,Armswiss,Kotayq,0,40.52376,44.77265,2021,6,2021_6
638,2021-06-30,Artsakh,Kotayq,0,40.52376,44.77265,2021,6,2021_6
639,2021-06-30,ASHB,Kotayq,6,40.52376,44.77265,2021,6,2021_6
640,2021-06-30,Byblos,Kotayq,0,40.52376,44.77265,2021,6,2021_6
641,2021-06-30,Converse,Kotayq,5,40.52376,44.77265,2021,6,2021_6
642,2021-06-30,Econom,Kotayq,5,40.52376,44.77265,2021,6,2021_6
643,2021-06-30,Evoca,Kotayq,1,40.52376,44.77265,2021,6,2021_6
644,2021-06-30,HSBC,Kotayq,0,40.52376,44.77265,2021,6,2021_6
645,2021-06-30,IDbank,Kotayq,1,40.52376,44.77265,2021,6,2021_6
646,2021-06-30,Ineco,Kotayq,2,40.52376,44.77265,2021,6,2021_6
647,2021-06-30,Mellat,Kotayq,0,40.52376,44.77265,2021,6,2021_6
648,2021-06-30,Uni,Kotayq,2,40.52376,44.77265,2021,6,2021_6
649,2021-06-30,VTB,Kotayq,6,40.52376,44.77265,2021,6,2021_6
650,2021-09-30,ABB,Kotayq,3,40.52376,44.77265,2021,9,2021_9
651,2021-09-30,ACBA,Kotayq,5,40.52376,44.77265,2021,9,2021_9
652,2021-09-30,Ameria,Kotayq,2,40.52376,44.77265,2021,9,2021_9
653,2021-09-30,Ararat,Kotayq,5,40.52376,44.77265,2021,9,2021_9
654,2021-09-30,Armswiss,Kotayq,0,40.52376,44.77265,2021,9,2021_9
655,2021-09-30,Artsakh,Kotayq,0,40.52376,44.77265,2021,9,2021_9
656,2021-09-30,ASHB,Kotayq,6,40.52376,44.77265,2021,9,2021_9
657,2021-09-30,Byblos,Kotayq,0,40.52376,44.77265,2021,9,2021_9
658,2021-09-30,Converse,Kotayq,5,40.52376,44.77265,2021,9,2021_9
659,2021-09-30,Econom,Kotayq,5,40.52376,44.77265,2021,9,2021_9
660,2021-09-30,Evoca,Kotayq,1,40.52376,44.77265,2021,9,2021_9
661,2021-09-30,HSBC,Kotayq,0,40.52376,44.77265,2021,9,2021_9
662,2021-09-30,IDbank,Kotayq,1,40.52376,44.77265,2021,9,2021_9
663,2021-09-30,Ineco,Kotayq,2,40.52376,44.77265,2021,9,2021_9
664,2021-09-30,Mellat,Kotayq,0,40.52376,44.77265,2021,9,2021_9
665,2021-09-30,Uni,Kotayq,2,40.52376,44.77265,2021,9,2021_9
666,2021-09-30,VTB,Kotayq,5,40.52376,44.77265,2021,9,2021_9
667,2021-12-31,ABB,Kotayq,3,40.52376,44.77265,2021,12,2021_12
668,2021-12-31,ACBA,Kotayq,5,40.52376,44.77265,2021,12,2021_12
669,2021-12-31,Ameria,Kotayq,2,40.52376,44.77265,2021,12,2021_12
670,2021-12-31,Ararat,Kotayq,5,40.52376,44.77265,2021,12,2021_12
671,2021-12-31,Armswiss,Kotayq,0,40.52376,44.77265,2021,12,2021_12
672,2021-12-31,Artsakh,Kotayq,0,40.52376,44.77265,2021,12,2021_12
673,2021-12-31,ASHB,Kotayq,6,40.52376,44.77265,2021,12,2021_12
674,2021-12-31,Byblos,Kotayq,0,40.52376,44.77265,2021,12,2021_12
675,2021-12-31,Converse,Kotayq,5,40.52376,44.77265,2021,12,2021_12
676,2021-12-31,Econom,Kotayq,5,40.52376,44.77265,2021,12,2021_12
677,2021-12-31,Evoca,Kotayq,1,40.52376,44.77265,2021,12,2021_12
678,2021-12-31,HSBC,Kotayq,0,40.52376,44.77265,2021,12,2021_12
679,2021-12-31,IDbank,Kotayq,1,40.52376,44.77265,2021,12,2021_12
680,2021-12-31,Ineco,Kotayq,2,40.52376,44.77265,2021,12,2021_12
681,2021-12-31,Mellat,Kotayq,0,40.52376,44.77265,2021,12,2021_12
682,2021-12-31,Uni,Kotayq,2,40.52376,44.77265,2021,12,2021_12
683,2021-12-31,VTB,Kotayq,6,40.52376,44.77265,2021,12,2021_12
684,2020-06-30,Artsakh,Armavir,0,40.1742,44.09287,2020,6,2020_6
685,2020-06-30,ASHB,Armavir,3,40.1742,44.09287,2020,6,2020_6
686,2020-06-30,Byblos,Armavir,0,40.1742,44.09287,2020,6,2020_6
687,2020-06-30,Converse,Armavir,3,40.1742,44.09287,2020,6,2020_6
688,2020-06-30,Econom,Armavir,2,40.1742,44.09287,2020,6,2020_6
689,2020-06-30,Evoca,Armavir,0,40.1742,44.09287,2020,6,2020_6
690,2020-06-30,HSBC,Armavir,0,40.1742,44.09287,2020,6,2020_6
691,2020-06-30,IDbank,Armavir,1,40.1742,44.09287,2020,6,2020_6
692,2020-06-30,Ineco,Armavir,1,40.1742,44.09287,2020,6,2020_6
693,2020-06-30,Mellat,Armavir,0,40.1742,44.09287,2020,6,2020_6
694,2020-06-30,Uni,Armavir,2,40.1742,44.09287,2020,6,2020_6
695,2020-06-30,VTB,Armavir,3,40.1742,44.09287,2020,6,2020_6
696,2020-09-30,ABB,Armavir,1,40.1742,44.09287,2020,9,2020_9
697,2020-09-30,ACBA,Armavir,4,40.1742,44.09287,2020,9,2020_9
698,2020-09-30,Ameria,Armavir,1,40.1742,44.09287,2020,9,2020_9
699,2020-09-30,Ararat,Armavir,2,40.1742,44.09287,2020,9,2020_9
700,2020-09-30,Armswiss,Armavir,0,40.1742,44.09287,2020,9,2020_9
701,2020-09-30,Artsakh,Armavir,0,40.1742,44.09287,2020,9,2020_9
702,2020-09-30,ASHB,Armavir,3,40.1742,44.09287,2020,9,2020_9
703,2020-09-30,Byblos,Armavir,0,40.1742,44.09287,2020,9,2020_9
704,2020-09-30,Converse,Armavir,3,40.1742,44.09287,2020,9,2020_9
705,2020-09-30,Econom,Armavir,2,40.1742,44.09287,2020,9,2020_9
706,2020-09-30,Evoca,Armavir,0,40.1742,44.09287,2020,9,2020_9
707,2020-09-30,HSBC,Armavir,0,40.1742,44.09287,2020,9,2020_9
708,2020-09-30,IDbank,Armavir,1,40.1742,44.09287,2020,9,2020_9
709,2020-09-30,Ineco,Armavir,1,40.1742,44.09287,2020,9,2020_9
710,2020-09-30,Mellat,Armavir,0,40.1742,44.09287,2020,9,2020_9
711,2020-09-30,Uni,Armavir,2,40.1742,44.09287,2020,9,2020_9
712,2020-09-30,VTB,Armavir,3,40.1742,44.09287,2020,9,2020_9
713,2020-12-31,ABB,Armavir,1,40.1742,44.09287,2020,12,2020_12
714,2020-12-31,ACBA,Armavir,4,40.1742,44.09287,2020,12,2020_12
715,2020-12-31,Ameria,Armavir,1,40.1742,44.09287,2020,12,2020_12
716,2020-12-31,Ararat,Armavir,2,40.1742,44.09287,2020,12,2020_12
717,2020-12-31,Armswiss,Armavir,0,40.1742,44.09287,2020,12,2020_12
718,2020-12-31,Artsakh,Armavir,0,40.1742,44.09287,2020,12,2020_12
719,2020-12-31,ASHB,Armavir,3,40.1742,44.09287,2020,12,2020_12
720,2020-12-31,Byblos,Armavir,0,40.1742,44.09287,2020,12,2020_12
721,2020-12-31,Converse,Armavir,3,40.1742,44.09287,2020,12,2020_12
722,2020-12-31,Econom,Armavir,2,40.1742,44.09287,2020,12,2020_12
723,2020-12-31,Evoca,Armavir,0,40.1742,44.09287,2020,12,2020_12
724,2020-12-31,HSBC,Armavir,0,40.1742,44.09287,2020,12,2020_12
725,2020-12-31,IDbank,Armavir,1,40.1742,44.09287,2020,12,2020_12
726,2020-12-31,Ineco,Armavir,1,40.1742,44.09287,2020,12,2020_12
727,2020-12-31,Mellat,Armavir,0,40.1742,44.09287,2020,12,2020_12
728,2020-12-31,Uni,Armavir,2,40.1742,44.09287,2020,12,2020_12
729,2020-12-31,VTB,Armavir,2,40.1742,44.09287,2020,12,2020_12
730,2021-03-31,ABB,Armavir,1,40.1742,44.09287,2021,3,2021_3
731,2021-03-31,ACBA,Armavir,4,40.1742,44.09287,2021,3,2021_3
732,2021-03-31,Ameria,Armavir,1,40.1742,44.09287,2021,3,2021_3
733,2021-03-31,Ararat,Armavir,2,40.1742,44.09287,2021,3,2021_3
734,2021-03-31,Armswiss,Armavir,0,40.1742,44.09287,2021,3,2021_3
735,2021-03-31,Artsakh,Armavir,0,40.1742,44.09287,2021,3,2021_3
736,2021-03-31,ASHB,Armavir,3,40.1742,44.09287,2021,3,2021_3
737,2021-03-31,Byblos,Armavir,0,40.1742,44.09287,2021,3,2021_3
738,2021-03-31,Converse,Armavir,3,40.1742,44.09287,2021,3,2021_3
739,2021-03-31,Econom,Armavir,2,40.1742,44.09287,2021,3,2021_3
740,2021-03-31,Evoca,Armavir,0,40.1742,44.09287,2021,3,2021_3
741,2021-03-31,HSBC,Armavir,0,40.1742,44.09287,2021,3,2021_3
742,2021-03-31,IDbank,Armavir,1,40.1742,44.09287,2021,3,2021_3
743,2021-03-31,Ineco,Armavir,1,40.1742,44.09287,2021,3,2021_3
744,2021-03-31,Mellat,Armavir,0,40.1742,44.09287,2021,3,2021_3
745,2021-03-31,Uni,Armavir,2,40.1742,44.09287,2021,3,2021_3
746,2021-03-31,VTB,Armavir,2,40.1742,44.09287,2021,3,2021_3
747,2021-06-30,ABB,Armavir,1,40.1742,44.09287,2021,6,2021_6
748,2021-06-30,ACBA,Armavir,4,40.1742,44.09287,2021,6,2021_6
749,2021-06-30,Ameria,Armavir,1,40.1742,44.09287,2021,6,2021_6
750,2021-06-30,Ararat,Armavir,2,40.1742,44.09287,2021,6,2021_6
751,2021-06-30,Armswiss,Armavir,0,40.1742,44.09287,2021,6,2021_6
752,2021-06-30,Artsakh,Armavir,0,40.1742,44.09287,2021,6,2021_6
753,2021-06-30,ASHB,Armavir,3,40.1742,44.09287,2021,6,2021_6
754,2021-06-30,Byblos,Armavir,0,40.1742,44.09287,2021,6,2021_6
755,2021-06-30,Converse,Armavir,3,40.1742,44.09287,2021,6,2021_6
756,2021-06-30,Econom,Armavir,2,40.1742,44.09287,2021,6,2021_6
757,2021-06-30,Evoca,Armavir,0,40.1742,44.09287,2021,6,2021_6
758,2021-06-30,HSBC,Armavir,0,40.1742,44.09287,2021,6,2021_6
759,2021-06-30,IDbank,Armavir,1,40.1742,44.09287,2021,6,2021_6
760,2021-06-30,Ineco,Armavir,1,40.1742,44.09287,2021,6,2021_6
761,2021-06-30,Mellat,Armavir,0,40.1742,44.09287,2021,6,2021_6
762,2021-06-30,Uni,Armavir,2,40.1742,44.09287,2021,6,2021_6
763,2021-06-30,VTB,Armavir,2,40.1742,44.09287,2021,6,2021_6
764,2021-09-30,ABB,Armavir,1,40.1742,44.09287,2021,9,2021_9
765,2021-09-30,ACBA,Armavir,4,40.1742,44.09287,2021,9,2021_9
766,2021-09-30,Ameria,Armavir,1,40.1742,44.09287,2021,9,2021_9
767,2021-09-30,Ararat,Armavir,2,40.1742,44.09287,2021,9,2021_9
768,2021-09-30,Armswiss,Armavir,0,40.1742,44.09287,2021,9,2021_9
769,2021-09-30,Artsakh,Armavir,0,40.1742,44.09287,2021,9,2021_9
770,2021-09-30,ASHB,Armavir,3,40.1742,44.09287,2021,9,2021_9
771,2021-09-30,Byblos,Armavir,0,40.1742,44.09287,2021,9,2021_9
772,2021-09-30,Converse,Armavir,3,40.1742,44.09287,2021,9,2021_9
773,2021-09-30,Econom,Armavir,2,40.1742,44.09287,2021,9,2021_9
774,2021-09-30,Evoca,Armavir,0,40.1742,44.09287,2021,9,2021_9
775,2021-09-30,HSBC,Armavir,0,40.1742,44.09287,2021,9,2021_9
776,2021-09-30,IDbank,Armavir,1,40.1742,44.09287,2021,9,2021_9
777,2021-09-30,Ineco,Armavir,1,40.1742,44.09287,2021,9,2021_9
778,2021-09-30,Mellat,Armavir,0,40.1742,44.09287,2021,9,2021_9
779,2021-09-30,Uni,Armavir,2,40.1742,44.09287,2021,9,2021_9
780,2021-09-30,VTB,Armavir,3,40.1742,44.09287,2021,9,2021_9
781,2021-12-31,ABB,Armavir,1,40.1742,44.09287,2021,12,2021_12
782,2021-12-31,ACBA,Armavir,4,40.1742,44.09287,2021,12,2021_12
783,2021-12-31,Ameria,Armavir,1,40.1742,44.09287,2021,12,2021_12
784,2021-12-31,Ararat,Armavir,2,40.1742,44.09287,2021,12,2021_12
785,2021-12-31,Armswiss,Armavir,0,40.1742,44.09287,2021,12,2021_12
786,2021-12-31,Artsakh,Armavir,0,40.1742,44.09287,2021,12,2021_12
787,2021-12-31,ASHB,Armavir,3,40.1742,44.09287,2021,12,2021_12
788,2021-12-31,Byblos,Armavir,0,40.1742,44.09287,2021,12,2021_12
789,2021-12-31,Converse,Armavir,3,40.1742,44.09287,2021,12,2021_12
790,2021-12-31,Econom,Armavir,2,40.1742,44.09287,2021,12,2021_12
791,2021-12-31,Evoca,Armavir,0,40.1742,44.09287,2021,12,2021_12
792,2021-12-31,HSBC,Armavir,0,40.1742,44.09287,2021,12,2021_12
793,2021-12-31,IDbank,Armavir,1,40.1742,44.09287,2021,12,2021_12
794,2021-12-31,Ineco,Armavir,1,40.1742,44.09287,2021,12,2021_12
795,2021-12-31,Mellat,Armavir,0,40.1742,44.09287,2021,12,2021_12
796,2021-12-31,Uni,Armavir,2,40.1742,44.09287,2021,12,2021_12
797,2021-12-31,VTB,Armavir,2,40.1742,44.09287,2021,12,2021_12
798,2020-06-30,Artsakh,Aragatsotn,0,40.28638,44.36547,2020,6,2020_6
799,2020-06-30,ASHB,Aragatsotn,3,40.28638,44.36547,2020,6,2020_6
800,2020-06-30,Byblos,Aragatsotn,0,40.28638,44.36547,2020,6,2020_6
801,2020-06-30,Converse,Aragatsotn,1,40.28638,44.36547,2020,6,2020_6
802,2020-06-30,Econom,Aragatsotn,1,40.28638,44.36547,2020,6,2020_6
803,2020-06-30,Evoca,Aragatsotn,0,40.28638,44.36547,2020,6,2020_6
804,2020-06-30,HSBC,Aragatsotn,0,40.28638,44.36547,2020,6,2020_6
805,2020-06-30,IDbank,Aragatsotn,0,40.28638,44.36547,2020,6,2020_6
806,2020-06-30,Ineco,Aragatsotn,1,40.28638,44.36547,2020,6,2020_6
807,2020-06-30,Mellat,Aragatsotn,0,40.28638,44.36547,2020,6,2020_6
808,2020-06-30,Uni,Aragatsotn,2,40.28638,44.36547,2020,6,2020_6
809,2020-06-30,VTB,Aragatsotn,4,40.28638,44.36547,2020,6,2020_6
810,2020-09-30,ABB,Aragatsotn,3,40.28638,44.36547,2020,9,2020_9
811,2020-09-30,ACBA,Aragatsotn,6,40.28638,44.36547,2020,9,2020_9
812,2020-09-30,Ameria,Aragatsotn,0,40.28638,44.36547,2020,9,2020_9
813,2020-09-30,Ararat,Aragatsotn,1,40.28638,44.36547,2020,9,2020_9
814,2020-09-30,Armswiss,Aragatsotn,0,40.28638,44.36547,2020,9,2020_9
815,2020-09-30,Artsakh,Aragatsotn,0,40.28638,44.36547,2020,9,2020_9
816,2020-09-30,ASHB,Aragatsotn,3,40.28638,44.36547,2020,9,2020_9
817,2020-09-30,Byblos,Aragatsotn,0,40.28638,44.36547,2020,9,2020_9
818,2020-09-30,Converse,Aragatsotn,1,40.28638,44.36547,2020,9,2020_9
819,2020-09-30,Econom,Aragatsotn,1,40.28638,44.36547,2020,9,2020_9
820,2020-09-30,Evoca,Aragatsotn,0,40.28638,44.36547,2020,9,2020_9
821,2020-09-30,HSBC,Aragatsotn,0,40.28638,44.36547,2020,9,2020_9
822,2020-09-30,IDbank,Aragatsotn,0,40.28638,44.36547,2020,9,2020_9
823,2020-09-30,Ineco,Aragatsotn,1,40.28638,44.36547,2020,9,2020_9
824,2020-09-30,Mellat,Aragatsotn,0,40.28638,44.36547,2020,9,2020_9
825,2020-09-30,Uni,Aragatsotn,2,40.28638,44.36547,2020,9,2020_9
826,2020-09-30,VTB,Aragatsotn,4,40.28638,44.36547,2020,9,2020_9
827,2020-12-31,ABB,Aragatsotn,3,40.28638,44.36547,2020,12,2020_12
828,2020-12-31,ACBA,Aragatsotn,5,40.28638,44.36547,2020,12,2020_12
829,2020-12-31,Ameria,Aragatsotn,0,40.28638,44.36547,2020,12,2020_12
830,2020-12-31,Ararat,Aragatsotn,1,40.28638,44.36547,2020,12,2020_12
831,2020-12-31,Armswiss,Aragatsotn,0,40.28638,44.36547,2020,12,2020_12
832,2020-12-31,Artsakh,Aragatsotn,0,40.28638,44.36547,2020,12,2020_12
833,2020-12-31,ASHB,Aragatsotn,3,40.28638,44.36547,2020,12,2020_12
834,2020-12-31,Byblos,Aragatsotn,0,40.28638,44.36547,2020,12,2020_12
835,2020-12-31,Converse,Aragatsotn,1,40.28638,44.36547,2020,12,2020_12
836,2020-12-31,Econom,Aragatsotn,1,40.28638,44.36547,2020,12,2020_12
837,2020-12-31,Evoca,Aragatsotn,0,40.28638,44.36547,2020,12,2020_12
838,2020-12-31,HSBC,Aragatsotn,0,40.28638,44.36547,2020,12,2020_12
839,2020-12-31,IDbank,Aragatsotn,0,40.28638,44.36547,2020,12,2020_12
840,2020-12-31,Ineco,Aragatsotn,1,40.28638,44.36547,2020,12,2020_12
841,2020-12-31,Mellat,Aragatsotn,0,40.28638,44.36547,2020,12,2020_12
842,2020-12-31,Uni,Aragatsotn,2,40.28638,44.36547,2020,12,2020_12
843,2020-12-31,VTB,Aragatsotn,5,40.28638,44.36547,2020,12,2020_12
844,2021-03-31,ABB,Aragatsotn,3,40.28638,44.36547,2021,3,2021_3
845,2021-03-31,ACBA,Aragatsotn,5,40.28638,44.36547,2021,3,2021_3
846,2021-03-31,Ameria,Aragatsotn,0,40.28638,44.36547,2021,3,2021_3
847,2021-03-31,Ararat,Aragatsotn,1,40.28638,44.36547,2021,3,2021_3
848,2021-03-31,Armswiss,Aragatsotn,0,40.28638,44.36547,2021,3,2021_3
849,2021-03-31,Artsakh,Aragatsotn,0,40.28638,44.36547,2021,3,2021_3
850,2021-03-31,ASHB,Aragatsotn,3,40.28638,44.36547,2021,3,2021_3
851,2021-03-31,Byblos,Aragatsotn,0,40.28638,44.36547,2021,3,2021_3
852,2021-03-31,Converse,Aragatsotn,1,40.28638,44.36547,2021,3,2021_3
853,2021-03-31,Econom,Aragatsotn,1,40.28638,44.36547,2021,3,2021_3
854,2021-03-31,Evoca,Aragatsotn,0,40.28638,44.36547,2021,3,2021_3
855,2021-03-31,HSBC,Aragatsotn,0,40.28638,44.36547,2021,3,2021_3
856,2021-03-31,IDbank,Aragatsotn,0,40.28638,44.36547,2021,3,2021_3
857,2021-03-31,Ineco,Aragatsotn,1,40.28638,44.36547,2021,3,2021_3
858,2021-03-31,Mellat,Aragatsotn,0,40.28638,44.36547,2021,3,2021_3
859,2021-03-31,Uni,Aragatsotn,2,40.28638,44.36547,2021,3,2021_3
860,2021-03-31,VTB,Aragatsotn,5,40.28638,44.36547,2021,3,2021_3
861,2021-06-30,ABB,Aragatsotn,3,40.28638,44.36547,2021,6,2021_6
862,2021-06-30,ACBA,Aragatsotn,5,40.28638,44.36547,2021,6,2021_6
863,2021-06-30,Ameria,Aragatsotn,0,40.28638,44.36547,2021,6,2021_6
864,2021-06-30,Ararat,Aragatsotn,1,40.28638,44.36547,2021,6,2021_6
865,2021-06-30,Armswiss,Aragatsotn,0,40.28638,44.36547,2021,6,2021_6
866,2021-06-30,Artsakh,Aragatsotn,0,40.28638,44.36547,2021,6,2021_6
867,2021-06-30,ASHB,Aragatsotn,3,40.28638,44.36547,2021,6,2021_6
868,2021-06-30,Byblos,Aragatsotn,0,40.28638,44.36547,2021,6,2021_6
869,2021-06-30,Converse,Aragatsotn,1,40.28638,44.36547,2021,6,2021_6
870,2021-06-30,Econom,Aragatsotn,1,40.28638,44.36547,2021,6,2021_6
871,2021-06-30,Evoca,Aragatsotn,0,40.28638,44.36547,2021,6,2021_6
872,2021-06-30,HSBC,Aragatsotn,0,40.28638,44.36547,2021,6,2021_6
873,2021-06-30,IDbank,Aragatsotn,0,40.28638,44.36547,2021,6,2021_6
874,2021-06-30,Ineco,Aragatsotn,1,40.28638,44.36547,2021,6,2021_6
875,2021-06-30,Mellat,Aragatsotn,0,40.28638,44.36547,2021,6,2021_6
876,2021-06-30,Uni,Aragatsotn,2,40.28638,44.36547,2021,6,2021_6
877,2021-06-30,VTB,Aragatsotn,4,40.28638,44.36547,2021,6,2021_6
878,2021-09-30,ABB,Aragatsotn,3,40.28638,44.36547,2021,9,2021_9
879,2021-09-30,ACBA,Aragatsotn,5,40.28638,44.36547,2021,9,2021_9
880,2021-09-30,Ameria,Aragatsotn,0,40.28638,44.36547,2021,9,2021_9
881,2021-09-30,Ararat,Aragatsotn,1,40.28638,44.36547,2021,9,2021_9
882,2021-09-30,Armswiss,Aragatsotn,0,40.28638,44.36547,2021,9,2021_9
883,2021-09-30,Artsakh,Aragatsotn,0,40.28638,44.36547,2021,9,2021_9
884,2021-09-30,ASHB,Aragatsotn,3,40.28638,44.36547,2021,9,2021_9
885,2021-09-30,Byblos,Aragatsotn,0,40.28638,44.36547,2021,9,2021_9
886,2021-09-30,Converse,Aragatsotn,1,40.28638,44.36547,2021,9,2021_9
887,2021-09-30,Econom,Aragatsotn,1,40.28638,44.36547,2021,9,2021_9
888,2021-09-30,Evoca,Aragatsotn,0,40.28638,44.36547,2021,9,2021_9
889,2021-09-30,HSBC,Aragatsotn,0,40.28638,44.36547,2021,9,2021_9
890,2021-09-30,IDbank,Aragatsotn,0,40.28638,44.36547,2021,9,2021_9
891,2021-09-30,Ineco,Aragatsotn,1,40.28638,44.36547,2021,9,2021_9
892,2021-09-30,Mellat,Aragatsotn,0,40.28638,44.36547,2021,9,2021_9
893,2021-09-30,Uni,Aragatsotn,2,40.28638,44.36547,2021,9,2021_9
894,2021-09-30,VTB,Aragatsotn,4,40.28638,44.36547,2021,9,2021_9
895,2021-12-31,ABB,Aragatsotn,2,40.28638,44.36547,2021,12,2021_12
896,2021-12-31,ACBA,Aragatsotn,5,40.28638,44.36547,2021,12,2021_12
897,2021-12-31,Ameria,Aragatsotn,0,40.28638,44.36547,2021,12,2021_12
898,2021-12-31,Ararat,Aragatsotn,1,40.28638,44.36547,2021,12,2021_12
899,2021-12-31,Armswiss,Aragatsotn,0,40.28638,44.36547,2021,12,2021_12
900,2021-12-31,Artsakh,Aragatsotn,0,40.28638,44.36547,2021,12,2021_12
901,2021-12-31,ASHB,Aragatsotn,3,40.28638,44.36547,2021,12,2021_12
902,2021-12-31,Byblos,Aragatsotn,0,40.28638,44.36547,2021,12,2021_12
903,2021-12-31,Converse,Aragatsotn,1,40.28638,44.36547,2021,12,2021_12
904,2021-12-31,Econom,Aragatsotn,1,40.28638,44.36547,2021,12,2021_12
905,2021-12-31,Evoca,Aragatsotn,0,40.28638,44.36547,2021,12,2021_12
906,2021-12-31,HSBC,Aragatsotn,0,40.28638,44.36547,2021,12,2021_12
907,2021-12-31,IDbank,Aragatsotn,0,40.28638,44.36547,2021,12,2021_12
908,2021-12-31,Ineco,Aragatsotn,1,40.28638,44.36547,2021,12,2021_12
909,2021-12-31,Mellat,Aragatsotn,0,40.28638,44.36547,2021,12,2021_12
910,2021-12-31,Uni,Aragatsotn,2,40.28638,44.36547,2021,12,2021_12
911,2021-12-31,VTB,Aragatsotn,4,40.28638,44.36547,2021,12,2021_12
912,2020-06-30,Artsakh,Shirak,0,40.82529,43.84499,2020,6,2020_6
913,2020-06-30,ASHB,Shirak,4,40.82529,43.84499,2020,6,2020_6
914,2020-06-30,Byblos,Shirak,0,40.82529,43.84499,2020,6,2020_6
915,2020-06-30,Converse,Shirak,3,40.82529,43.84499,2020,6,2020_6
916,2020-06-30,Econom,Shirak,2,40.82529,43.84499,2020,6,2020_6
917,2020-06-30,Evoca,Shirak,1,40.82529,43.84499,2020,6,2020_6
918,2020-06-30,HSBC,Shirak,0,40.82529,43.84499,2020,6,2020_6
919,2020-06-30,IDbank,Shirak,1,40.82529,43.84499,2020,6,2020_6
920,2020-06-30,Ineco,Shirak,1,40.82529,43.84499,2020,6,2020_6
921,2020-06-30,Mellat,Shirak,0,40.82529,43.84499,2020,6,2020_6
922,2020-06-30,Uni,Shirak,2,40.82529,43.84499,2020,6,2020_6
923,2020-06-30,VTB,Shirak,7,40.82529,43.84499,2020,6,2020_6
924,2020-09-30,ABB,Shirak,4,40.82529,43.84499,2020,9,2020_9
925,2020-09-30,ACBA,Shirak,6,40.82529,43.84499,2020,9,2020_9
926,2020-09-30,Ameria,Shirak,1,40.82529,43.84499,2020,9,2020_9
927,2020-09-30,Ararat,Shirak,6,40.82529,43.84499,2020,9,2020_9
928,2020-09-30,Armswiss,Shirak,0,40.82529,43.84499,2020,9,2020_9
929,2020-09-30,Artsakh,Shirak,0,40.82529,43.84499,2020,9,2020_9
930,2020-09-30,ASHB,Shirak,4,40.82529,43.84499,2020,9,2020_9
931,2020-09-30,Byblos,Shirak,0,40.82529,43.84499,2020,9,2020_9
932,2020-09-30,Converse,Shirak,3,40.82529,43.84499,2020,9,2020_9
933,2020-09-30,Econom,Shirak,2,40.82529,43.84499,2020,9,2020_9
934,2020-09-30,Evoca,Shirak,1,40.82529,43.84499,2020,9,2020_9
935,2020-09-30,HSBC,Shirak,0,40.82529,43.84499,2020,9,2020_9
936,2020-09-30,IDbank,Shirak,1,40.82529,43.84499,2020,9,2020_9
937,2020-09-30,Ineco,Shirak,1,40.82529,43.84499,2020,9,2020_9
938,2020-09-30,Mellat,Shirak,0,40.82529,43.84499,2020,9,2020_9
939,2020-09-30,Uni,Shirak,2,40.82529,43.84499,2020,9,2020_9
940,2020-09-30,VTB,Shirak,7,40.82529,43.84499,2020,9,2020_9
941,2020-12-31,ABB,Shirak,4,40.82529,43.84499,2020,12,2020_12
942,2020-12-31,ACBA,Shirak,6,40.82529,43.84499,2020,12,2020_12
943,2020-12-31,Ameria,Shirak,1,40.82529,43.84499,2020,12,2020_12
944,2020-12-31,Ararat,Shirak,6,40.82529,43.84499,2020,12,2020_12
945,2020-12-31,Armswiss,Shirak,0,40.82529,43.84499,2020,12,2020_12
946,2020-12-31,Artsakh,Shirak,0,40.82529,43.84499,2020,12,2020_12
947,2020-12-31,ASHB,Shirak,4,40.82529,43.84499,2020,12,2020_12
948,2020-12-31,Byblos,Shirak,0,40.82529,43.84499,2020,12,2020_12
949,2020-12-31,Converse,Shirak,3,40.82529,43.84499,2020,12,2020_12
950,2020-12-31,Econom,Shirak,2,40.82529,43.84499,2020,12,2020_12
951,2020-12-31,Evoca,Shirak,1,40.82529,43.84499,2020,12,2020_12
952,2020-12-31,HSBC,Shirak,0,40.82529,43.84499,2020,12,2020_12
953,2020-12-31,IDbank,Shirak,1,40.82529,43.84499,2020,12,2020_12
954,2020-12-31,Ineco,Shirak,1,40.82529,43.84499,2020,12,2020_12
955,2020-12-31,Mellat,Shirak,0,40.82529,43.84499,2020,12,2020_12
956,2020-12-31,Uni,Shirak,2,40.82529,43.84499,2020,12,2020_12
957,2020-12-31,VTB,Shirak,7,40.82529,43.84499,2020,12,2020_12
958,2021-03-31,ABB,Shirak,4,40.82529,43.84499,2021,3,2021_3
959,2021-03-31,ACBA,Shirak,6,40.82529,43.84499,2021,3,2021_3
960,2021-03-31,Ameria,Shirak,1,40.82529,43.84499,2021,3,2021_3
961,2021-03-31,Ararat,Shirak,6,40.82529,43.84499,2021,3,2021_3
962,2021-03-31,Armswiss,Shirak,0,40.82529,43.84499,2021,3,2021_3
963,2021-03-31,Artsakh,Shirak,0,40.82529,43.84499,2021,3,2021_3
964,2021-03-31,ASHB,Shirak,4,40.82529,43.84499,2021,3,2021_3
965,2021-03-31,Byblos,Shirak,0,40.82529,43.84499,2021,3,2021_3
966,2021-03-31,Converse,Shirak,3,40.82529,43.84499,2021,3,2021_3
967,2021-03-31,Econom,Shirak,2,40.82529,43.84499,2021,3,2021_3
968,2021-03-31,Evoca,Shirak,1,40.82529,43.84499,2021,3,2021_3
969,2021-03-31,HSBC,Shirak,0,40.82529,43.84499,2021,3,2021_3
970,2021-03-31,IDbank,Shirak,1,40.82529,43.84499,2021,3,2021_3
971,2021-03-31,Ineco,Shirak,1,40.82529,43.84499,2021,3,2021_3
972,2021-03-31,Mellat,Shirak,0,40.82529,43.84499,2021,3,2021_3
973,2021-03-31,Uni,Shirak,2,40.82529,43.84499,2021,3,2021_3
974,2021-03-31,VTB,Shirak,7,40.82529,43.84499,2021,3,2021_3
975,2021-06-30,ABB,Shirak,4,40.82529,43.84499,2021,6,2021_6
976,2021-06-30,ACBA,Shirak,6,40.82529,43.84499,2021,6,2021_6
977,2021-06-30,Ameria,Shirak,1,40.82529,43.84499,2021,6,2021_6
978,2021-06-30,Ararat,Shirak,6,40.82529,43.84499,2021,6,2021_6
979,2021-06-30,Armswiss,Shirak,0,40.82529,43.84499,2021,6,2021_6
980,2021-06-30,Artsakh,Shirak,0,40.82529,43.84499,2021,6,2021_6
981,2021-06-30,ASHB,Shirak,4,40.82529,43.84499,2021,6,2021_6
982,2021-06-30,Byblos,Shirak,0,40.82529,43.84499,2021,6,2021_6
983,2021-06-30,Converse,Shirak,3,40.82529,43.84499,2021,6,2021_6
984,2021-06-30,Econom,Shirak,2,40.82529,43.84499,2021,6,2021_6
985,2021-06-30,Evoca,Shirak,1,40.82529,43.84499,2021,6,2021_6
986,2021-06-30,HSBC,Shirak,0,40.82529,43.84499,2021,6,2021_6
987,2021-06-30,IDbank,Shirak,1,40.82529,43.84499,2021,6,2021_6
988,2021-06-30,Ineco,Shirak,1,40.82529,43.84499,2021,6,2021_6
989,2021-06-30,Mellat,Shirak,0,40.82529,43.84499,2021,6,2021_6
990,2021-06-30,Uni,Shirak,2,40.82529,43.84499,2021,6,2021_6
991,2021-06-30,VTB,Shirak,7,40.82529,43.84499,2021,6,2021_6
992,2021-09-30,ABB,Shirak,4,40.82529,43.84499,2021,9,2021_9
993,2021-09-30,ACBA,Shirak,6,40.82529,43.84499,2021,9,2021_9
994,2021-09-30,Ameria,Shirak,1,40.82529,43.84499,2021,9,2021_9
995,2021-09-30,Ararat,Shirak,6,40.82529,43.84499,2021,9,2021_9
996,2021-09-30,Armswiss,Shirak,0,40.82529,43.84499,2021,9,2021_9
997,2021-09-30,Artsakh,Shirak,0,40.82529,43.84499,2021,9,2021_9
998,2021-09-30,ASHB,Shirak,4,40.82529,43.84499,2021,9,2021_9
999,2021-09-30,Byblos,Shirak,0,40.82529,43.84499,2021,9,2021_9
1000,2021-09-30,Converse,Shirak,3,40.82529,43.84499,2021,9,2021_9
1001,2021-09-30,Econom,Shirak,3,40.82529,43.84499,2021,9,2021_9
1002,2021-09-30,Evoca,Shirak,1,40.82529,43.84499,2021,9,2021_9
1003,2021-09-30,HSBC,Shirak,0,40.82529,43.84499,2021,9,2021_9
1004,2021-09-30,IDbank,Shirak,1,40.82529,43.84499,2021,9,2021_9
1005,2021-09-30,Ineco,Shirak,1,40.82529,43.84499,2021,9,2021_9
1006,2021-09-30,Mellat,Shirak,0,40.82529,43.84499,2021,9,2021_9
1007,2021-09-30,Uni,Shirak,2,40.82529,43.84499,2021,9,2021_9
1008,2021-09-30,VTB,Shirak,7,40.82529,43.84499,2021,9,2021_9
1009,2021-12-31,ABB,Shirak,4,40.82529,43.84499,2021,12,2021_12
1010,2021-12-31,ACBA,Shirak,6,40.82529,43.84499,2021,12,2021_12
1011,2021-12-31,Ameria,Shirak,1,40.82529,43.84499,2021,12,2021_12
1012,2021-12-31,Ararat,Shirak,6,40.82529,43.84499,2021,12,2021_12
1013,2021-12-31,Armswiss,Shirak,0,40.82529,43.84499,2021,12,2021_12
1014,2021-12-31,Artsakh,Shirak,0,40.82529,43.84499,2021,12,2021_12
1015,2021-12-31,ASHB,Shirak,4,40.82529,43.84499,2021,12,2021_12
1016,2021-12-31,Byblos,Shirak,0,40.82529,43.84499,2021,12,2021_12
1017,2021-12-31,Converse,Shirak,3,40.82529,43.84499,2021,12,2021_12
1018,2021-12-31,Econom,Shirak,2,40.82529,43.84499,2021,12,2021_12
1019,2021-12-31,Evoca,Shirak,1,40.82529,43.84499,2021,12,2021_12
1020,2021-12-31,HSBC,Shirak,0,40.82529,43.84499,2021,12,2021_12
1021,2021-12-31,IDbank,Shirak,1,40.82529,43.84499,2021,12,2021_12
1022,2021-12-31,Ineco,Shirak,1,40.82529,43.84499,2021,12,2021_12
1023,2021-12-31,Mellat,Shirak,0,40.82529,43.84499,2021,12,2021_12
1024,2021-12-31,Uni,Shirak,2,40.82529,43.84499,2021,12,2021_12
1025,2021-12-31,VTB,Shirak,7,40.82529,43.84499,2021,12,2021_12
1026,2020-06-30,Artsakh,Gegharquniq,0,40.56707,44.94912,2020,6,2020_6
1027,2020-06-30,ASHB,Gegharquniq,4,40.56707,44.94912,2020,6,2020_6
1028,2020-06-30,Byblos,Gegharquniq,0,40.56707,44.94912,2020,6,2020_6
1029,2020-06-30,Converse,Gegharquniq,1,40.56707,44.94912,2020,6,2020_6
1030,2020-06-30,Econom,Gegharquniq,3,40.56707,44.94912,2020,6,2020_6
1031,2020-06-30,Evoca,Gegharquniq,0,40.56707,44.94912,2020,6,2020_6
1032,2020-06-30,HSBC,Gegharquniq,0,40.56707,44.94912,2020,6,2020_6
1033,2020-06-30,IDbank,Gegharquniq,0,40.56707,44.94912,2020,6,2020_6
1034,2020-06-30,Ineco,Gegharquniq,0,40.56707,44.94912,2020,6,2020_6
1035,2020-06-30,Mellat,Gegharquniq,0,40.56707,44.94912,2020,6,2020_6
1036,2020-06-30,Uni,Gegharquniq,3,40.56707,44.94912,2020,6,2020_6
1037,2020-06-30,VTB,Gegharquniq,5,40.56707,44.94912,2020,6,2020_6
1038,2020-09-30,ABB,Gegharquniq,3,40.56707,44.94912,2020,9,2020_9
1039,2020-09-30,ACBA,Gegharquniq,4,40.56707,44.94912,2020,9,2020_9
1040,2020-09-30,Ameria,Gegharquniq,0,40.56707,44.94912,2020,9,2020_9
1041,2020-09-30,Ararat,Gegharquniq,2,40.56707,44.94912,2020,9,2020_9
1042,2020-09-30,Armswiss,Gegharquniq,0,40.56707,44.94912,2020,9,2020_9
1043,2020-09-30,Artsakh,Gegharquniq,0,40.56707,44.94912,2020,9,2020_9
1044,2020-09-30,ASHB,Gegharquniq,4,40.56707,44.94912,2020,9,2020_9
1045,2020-09-30,Byblos,Gegharquniq,0,40.56707,44.94912,2020,9,2020_9
1046,2020-09-30,Converse,Gegharquniq,1,40.56707,44.94912,2020,9,2020_9
1047,2020-09-30,Econom,Gegharquniq,2,40.56707,44.94912,2020,9,2020_9
1048,2020-09-30,Evoca,Gegharquniq,0,40.56707,44.94912,2020,9,2020_9
1049,2020-09-30,HSBC,Gegharquniq,0,40.56707,44.94912,2020,9,2020_9
1050,2020-09-30,IDbank,Gegharquniq,0,40.56707,44.94912,2020,9,2020_9
1051,2020-09-30,Ineco,Gegharquniq,0,40.56707,44.94912,2020,9,2020_9
1052,2020-09-30,Mellat,Gegharquniq,0,40.56707,44.94912,2020,9,2020_9
1053,2020-09-30,Uni,Gegharquniq,3,40.56707,44.94912,2020,9,2020_9
1054,2020-09-30,VTB,Gegharquniq,4,40.56707,44.94912,2020,9,2020_9
1055,2020-12-31,ABB,Gegharquniq,4,40.56707,44.94912,2020,12,2020_12
1056,2020-12-31,ACBA,Gegharquniq,4,40.56707,44.94912,2020,12,2020_12
1057,2020-12-31,Ameria,Gegharquniq,0,40.56707,44.94912,2020,12,2020_12
1058,2020-12-31,Ararat,Gegharquniq,2,40.56707,44.94912,2020,12,2020_12
1059,2020-12-31,Armswiss,Gegharquniq,0,40.56707,44.94912,2020,12,2020_12
1060,2020-12-31,Artsakh,Gegharquniq,0,40.56707,44.94912,2020,12,2020_12
1061,2020-12-31,ASHB,Gegharquniq,4,40.56707,44.94912,2020,12,2020_12
1062,2020-12-31,Byblos,Gegharquniq,0,40.56707,44.94912,2020,12,2020_12
1063,2020-12-31,Converse,Gegharquniq,1,40.56707,44.94912,2020,12,2020_12
1064,2020-12-31,Econom,Gegharquniq,2,40.56707,44.94912,2020,12,2020_12
1065,2020-12-31,Evoca,Gegharquniq,0,40.56707,44.94912,2020,12,2020_12
1066,2020-12-31,HSBC,Gegharquniq,0,40.56707,44.94912,2020,12,2020_12
1067,2020-12-31,IDbank,Gegharquniq,0,40.56707,44.94912,2020,12,2020_12
1068,2020-12-31,Ineco,Gegharquniq,0,40.56707,44.94912,2020,12,2020_12
1069,2020-12-31,Mellat,Gegharquniq,0,40.56707,44.94912,2020,12,2020_12
1070,2020-12-31,Uni,Gegharquniq,3,40.56707,44.94912,2020,12,2020_12
1071,2020-12-31,VTB,Gegharquniq,5,40.56707,44.94912,2020,12,2020_12
1072,2021-03-31,ABB,Gegharquniq,4,40.56707,44.94912,2021,3,2021_3
1073,2021-03-31,ACBA,Gegharquniq,5,40.56707,44.94912,2021,3,2021_3
1074,2021-03-31,Ameria,Gegharquniq,0,40.56707,44.94912,2021,3,2021_3
1075,2021-03-31,Ararat,Gegharquniq,2,40.56707,44.94912,2021,3,2021_3
1076,2021-03-31,Armswiss,Gegharquniq,0,40.56707,44.94912,2021,3,2021_3
1077,2021-03-31,Artsakh,Gegharquniq,0,40.56707,44.94912,2021,3,2021_3
1078,2021-03-31,ASHB,Gegharquniq,4,40.56707,44.94912,2021,3,2021_3
1079,2021-03-31,Byblos,Gegharquniq,0,40.56707,44.94912,2021,3,2021_3
1080,2021-03-31,Converse,Gegharquniq,1,40.56707,44.94912,2021,3,2021_3
1081,2021-03-31,Econom,Gegharquniq,2,40.56707,44.94912,2021,3,2021_3
1082,2021-03-31,Evoca,Gegharquniq,0,40.56707,44.94912,2021,3,2021_3
1083,2021-03-31,HSBC,Gegharquniq,0,40.56707,44.94912,2021,3,2021_3
1084,2021-03-31,IDbank,Gegharquniq,0,40.56707,44.94912,2021,3,2021_3
1085,2021-03-31,Ineco,Gegharquniq,0,40.56707,44.94912,2021,3,2021_3
1086,2021-03-31,Mellat,Gegharquniq,0,40.56707,44.94912,2021,3,2021_3
1087,2021-03-31,Uni,Gegharquniq,2,40.56707,44.94912,2021,3,2021_3
1088,2021-03-31,VTB,Gegharquniq,5,40.56707,44.94912,2021,3,2021_3
1089,2021-06-30,ABB,Gegharquniq,4,40.56707,44.94912,2021,6,2021_6
1090,2021-06-30,ACBA,Gegharquniq,5,40.56707,44.94912,2021,6,2021_6
1091,2021-06-30,Ameria,Gegharquniq,0,40.56707,44.94912,2021,6,2021_6
1092,2021-06-30,Ararat,Gegharquniq,2,40.56707,44.94912,2021,6,2021_6
1093,2021-06-30,Armswiss,Gegharquniq,0,40.56707,44.94912,2021,6,2021_6
1094,2021-06-30,Artsakh,Gegharquniq,0,40.56707,44.94912,2021,6,2021_6
1095,2021-06-30,ASHB,Gegharquniq,4,40.56707,44.94912,2021,6,2021_6
1096,2021-06-30,Byblos,Gegharquniq,0,40.56707,44.94912,2021,6,2021_6
1097,2021-06-30,Converse,Gegharquniq,1,40.56707,44.94912,2021,6,2021_6
1098,2021-06-30,Econom,Gegharquniq,3,40.56707,44.94912,2021,6,2021_6
1099,2021-06-30,Evoca,Gegharquniq,0,40.56707,44.94912,2021,6,2021_6
1100,2021-06-30,HSBC,Gegharquniq,0,40.56707,44.94912,2021,6,2021_6
1101,2021-06-30,IDbank,Gegharquniq,0,40.56707,44.94912,2021,6,2021_6
1102,2021-06-30,Ineco,Gegharquniq,0,40.56707,44.94912,2021,6,2021_6
1103,2021-06-30,Mellat,Gegharquniq,0,40.56707,44.94912,2021,6,2021_6
1104,2021-06-30,Uni,Gegharquniq,3,40.56707,44.94912,2021,6,2021_6
1105,2021-06-30,VTB,Gegharquniq,5,40.56707,44.94912,2021,6,2021_6
1106,2021-09-30,ABB,Gegharquniq,4,40.56707,44.94912,2021,9,2021_9
1107,2021-09-30,ACBA,Gegharquniq,5,40.56707,44.94912,2021,9,2021_9
1108,2021-09-30,Ameria,Gegharquniq,0,40.56707,44.94912,2021,9,2021_9
1109,2021-09-30,Ararat,Gegharquniq,2,40.56707,44.94912,2021,9,2021_9
1110,2021-09-30,Armswiss,Gegharquniq,0,40.56707,44.94912,2021,9,2021_9
1111,2021-09-30,Artsakh,Gegharquniq,0,40.56707,44.94912,2021,9,2021_9
1112,2021-09-30,ASHB,Gegharquniq,4,40.56707,44.94912,2021,9,2021_9
1113,2021-09-30,Byblos,Gegharquniq,0,40.56707,44.94912,2021,9,2021_9
1114,2021-09-30,Converse,Gegharquniq,1,40.56707,44.94912,2021,9,2021_9
1115,2021-09-30,Econom,Gegharquniq,3,40.56707,44.94912,2021,9,2021_9
1116,2021-09-30,Evoca,Gegharquniq,0,40.56707,44.94912,2021,9,2021_9
1117,2021-09-30,HSBC,Gegharquniq,0,40.56707,44.94912,2021,9,2021_9
1118,2021-09-30,IDbank,Gegharquniq,0,40.56707,44.94912,2021,9,2021_9
1119,2021-09-30,Ineco,Gegharquniq,0,40.56707,44.94912,2021,9,2021_9
1120,2021-09-30,Mellat,Gegharquniq,0,40.56707,44.94912,2021,9,2021_9
1121,2021-09-30,Uni,Gegharquniq,3,40.56707,44.94912,2021,9,2021_9
1122,2021-09-30,VTB,Gegharquniq,5,40.56707,44.94912,2021,9,2021_9
1123,2021-12-31,ABB,Gegharquniq,4,40.56707,44.94912,2021,12,2021_12
1124,2021-12-31,ACBA,Gegharquniq,5,40.56707,44.94912,2021,12,2021_12
1125,2021-12-31,Ameria,Gegharquniq,0,40.56707,44.94912,2021,12,2021_12
1126,2021-12-31,Ararat,Gegharquniq,2,40.56707,44.94912,2021,12,2021_12
1127,2021-12-31,Armswiss,Gegharquniq,0,40.56707,44.94912,2021,12,2021_12
1128,2021-12-31,Artsakh,Gegharquniq,0,40.56707,44.94912,2021,12,2021_12
1129,2021-12-31,ASHB,Gegharquniq,4,40.56707,44.94912,2021,12,2021_12
1130,2021-12-31,Byblos,Gegharquniq,0,40.56707,44.94912,2021,12,2021_12
1131,2021-12-31,Converse,Gegharquniq,1,40.56707,44.94912,2021,12,2021_12
1132,2021-12-31,Econom,Gegharquniq,3,40.56707,44.94912,2021,12,2021_12
1133,2021-12-31,Evoca,Gegharquniq,0,40.56707,44.94912,2021,12,2021_12
1134,2021-12-31,HSBC,Gegharquniq,0,40.56707,44.94912,2021,12,2021_12
1135,2021-12-31,IDbank,Gegharquniq,0,40.56707,44.94912,2021,12,2021_12
1136,2021-12-31,Ineco,Gegharquniq,0,40.56707,44.94912,2021,12,2021_12
1137,2021-12-31,Mellat,Gegharquniq,0,40.56707,44.94912,2021,12,2021_12
1138,2021-12-31,Uni,Gegharquniq,3,40.56707,44.94912,2021,12,2021_12
1139,2021-12-31,VTB,Gegharquniq,5,40.56707,44.94912,2021,12,2021_12
1140,2020-06-30,Artsakh,Vayots Dzor,0,39.77376,45.32059,2020,6,2020_6
1141,2020-06-30,ASHB,Vayots Dzor,2,39.77376,45.32059,2020,6,2020_6
1142,2020-06-30,Byblos,Vayots Dzor,0,39.77376,45.32059,2020,6,2020_6
1143,2020-06-30,Converse,Vayots Dzor,0,39.77376,45.32059,2020,6,2020_6
1144,2020-06-30,Econom,Vayots Dzor,1,39.77376,45.32059,2020,6,2020_6
1145,2020-06-30,Evoca,Vayots Dzor,0,39.77376,45.32059,2020,6,2020_6
1146,2020-06-30,HSBC,Vayots Dzor,0,39.77376,45.32059,2020,6,2020_6
1147,2020-06-30,IDbank,Vayots Dzor,0,39.77376,45.32059,2020,6,2020_6
1148,2020-06-30,Ineco,Vayots Dzor,0,39.77376,45.32059,2020,6,2020_6
1149,2020-06-30,Mellat,Vayots Dzor,0,39.77376,45.32059,2020,6,2020_6
1150,2020-06-30,Uni,Vayots Dzor,1,39.77376,45.32059,2020,6,2020_6
1151,2020-06-30,VTB,Vayots Dzor,3,39.77376,45.32059,2020,6,2020_6
1152,2020-09-30,ABB,Vayots Dzor,0,39.77376,45.32059,2020,9,2020_9
1153,2020-09-30,ACBA,Vayots Dzor,2,39.77376,45.32059,2020,9,2020_9
1154,2020-09-30,Ameria,Vayots Dzor,1,39.77376,45.32059,2020,9,2020_9
1155,2020-09-30,Ararat,Vayots Dzor,0,39.77376,45.32059,2020,9,2020_9
1156,2020-09-30,Armswiss,Vayots Dzor,0,39.77376,45.32059,2020,9,2020_9
1157,2020-09-30,Artsakh,Vayots Dzor,0,39.77376,45.32059,2020,9,2020_9
1158,2020-09-30,ASHB,Vayots Dzor,2,39.77376,45.32059,2020,9,2020_9
1159,2020-09-30,Byblos,Vayots Dzor,0,39.77376,45.32059,2020,9,2020_9
1160,2020-09-30,Converse,Vayots Dzor,0,39.77376,45.32059,2020,9,2020_9
1161,2020-09-30,Econom,Vayots Dzor,1,39.77376,45.32059,2020,9,2020_9
1162,2020-09-30,Evoca,Vayots Dzor,0,39.77376,45.32059,2020,9,2020_9
1163,2020-09-30,HSBC,Vayots Dzor,0,39.77376,45.32059,2020,9,2020_9
1164,2020-09-30,IDbank,Vayots Dzor,0,39.77376,45.32059,2020,9,2020_9
1165,2020-09-30,Ineco,Vayots Dzor,0,39.77376,45.32059,2020,9,2020_9
1166,2020-09-30,Mellat,Vayots Dzor,0,39.77376,45.32059,2020,9,2020_9
1167,2020-09-30,Uni,Vayots Dzor,1,39.77376,45.32059,2020,9,2020_9
1168,2020-09-30,VTB,Vayots Dzor,3,39.77376,45.32059,2020,9,2020_9
1169,2020-12-31,ABB,Vayots Dzor,0,39.77376,45.32059,2020,12,2020_12
1170,2020-12-31,ACBA,Vayots Dzor,2,39.77376,45.32059,2020,12,2020_12
1171,2020-12-31,Ameria,Vayots Dzor,1,39.77376,45.32059,2020,12,2020_12
1172,2020-12-31,Ararat,Vayots Dzor,0,39.77376,45.32059,2020,12,2020_12
1173,2020-12-31,Armswiss,Vayots Dzor,0,39.77376,45.32059,2020,12,2020_12
1174,2020-12-31,Artsakh,Vayots Dzor,0,39.77376,45.32059,2020,12,2020_12
1175,2020-12-31,ASHB,Vayots Dzor,2,39.77376,45.32059,2020,12,2020_12
1176,2020-12-31,Byblos,Vayots Dzor,0,39.77376,45.32059,2020,12,2020_12
1177,2020-12-31,Converse,Vayots Dzor,0,39.77376,45.32059,2020,12,2020_12
1178,2020-12-31,Econom,Vayots Dzor,1,39.77376,45.32059,2020,12,2020_12
1179,2020-12-31,Evoca,Vayots Dzor,0,39.77376,45.32059,2020,12,2020_12
1180,2020-12-31,HSBC,Vayots Dzor,0,39.77376,45.32059,2020,12,2020_12
1181,2020-12-31,IDbank,Vayots Dzor,0,39.77376,45.32059,2020,12,2020_12
1182,2020-12-31,Ineco,Vayots Dzor,0,39.77376,45.32059,2020,12,2020_12
1183,2020-12-31,Mellat,Vayots Dzor,0,39.77376,45.32059,2020,12,2020_12
1184,2020-12-31,Uni,Vayots Dzor,1,39.77376,45.32059,2020,12,2020_12
1185,2020-12-31,VTB,Vayots Dzor,3,39.77376,45.32059,2020,12,2020_12
1186,2021-03-31,ABB,Vayots Dzor,0,39.77376,45.32059,2021,3,2021_3
1187,2021-03-31,ACBA,Vayots Dzor,2,39.77376,45.32059,2021,3,2021_3
1188,2021-03-31,Ameria,Vayots Dzor,1,39.77376,45.32059,2021,3,2021_3
1189,2021-03-31,Ararat,Vayots Dzor,0,39.77376,45.32059,2021,3,2021_3
1190,2021-03-31,Armswiss,Vayots Dzor,0,39.77376,45.32059,2021,3,2021_3
1191,2021-03-31,Artsakh,Vayots Dzor,0,39.77376,45.32059,2021,3,2021_3
1192,2021-03-31,ASHB,Vayots Dzor,2,39.77376,45.32059,2021,3,2021_3
1193,2021-03-31,Byblos,Vayots Dzor,0,39.77376,45.32059,2021,3,2021_3
1194,2021-03-31,Converse,Vayots Dzor,0,39.77376,45.32059,2021,3,2021_3
1195,2021-03-31,Econom,Vayots Dzor,1,39.77376,45.32059,2021,3,2021_3
1196,2021-03-31,Evoca,Vayots Dzor,0,39.77376,45.32059,2021,3,2021_3
1197,2021-03-31,HSBC,Vayots Dzor,0,39.77376,45.32059,2021,3,2021_3
1198,2021-03-31,IDbank,Vayots Dzor,0,39.77376,45.32059,2021,3,2021_3
1199,2021-03-31,Ineco,Vayots Dzor,0,39.77376,45.32059,2021,3,2021_3
1200,2021-03-31,Mellat,Vayots Dzor,0,39.77376,45.32059,2021,3,2021_3
1201,2021-03-31,Uni,Vayots Dzor,1,39.77376,45.32059,2021,3,2021_3
1202,2021-03-31,VTB,Vayots Dzor,3,39.77376,45.32059,2021,3,2021_3
1203,2021-06-30,ABB,Vayots Dzor,0,39.77376,45.32059,2021,6,2021_6
1204,2021-06-30,ACBA,Vayots Dzor,2,39.77376,45.32059,2021,6,2021_6
1205,2021-06-30,Ameria,Vayots Dzor,1,39.77376,45.32059,2021,6,2021_6
1206,2021-06-30,Ararat,Vayots Dzor,0,39.77376,45.32059,2021,6,2021_6
1207,2021-06-30,Armswiss,Vayots Dzor,0,39.77376,45.32059,2021,6,2021_6
1208,2021-06-30,Artsakh,Vayots Dzor,0,39.77376,45.32059,2021,6,2021_6
1209,2021-06-30,ASHB,Vayots Dzor,2,39.77376,45.32059,2021,6,2021_6
1210,2021-06-30,Byblos,Vayots Dzor,0,39.77376,45.32059,2021,6,2021_6
1211,2021-06-30,Converse,Vayots Dzor,0,39.77376,45.32059,2021,6,2021_6
1212,2021-06-30,Econom,Vayots Dzor,1,39.77376,45.32059,2021,6,2021_6
1213,2021-06-30,Evoca,Vayots Dzor,0,39.77376,45.32059,2021,6,2021_6
1214,2021-06-30,HSBC,Vayots Dzor,0,39.77376,45.32059,2021,6,2021_6
1215,2021-06-30,IDbank,Vayots Dzor,0,39.77376,45.32059,2021,6,2021_6
1216,2021-06-30,Ineco,Vayots Dzor,0,39.77376,45.32059,2021,6,2021_6
1217,2021-06-30,Mellat,Vayots Dzor,0,39.77376,45.32059,2021,6,2021_6
1218,2021-06-30,Uni,Vayots Dzor,1,39.77376,45.32059,2021,6,2021_6
1219,2021-06-30,VTB,Vayots Dzor,3,39.77376,45.32059,2021,6,2021_6
1220,2021-09-30,ABB,Vayots Dzor,0,39.77376,45.32059,2021,9,2021_9
1221,2021-09-30,ACBA,Vayots Dzor,2,39.77376,45.32059,2021,9,2021_9
1222,2021-09-30,Ameria,Vayots Dzor,1,39.77376,45.32059,2021,9,2021_9
1223,2021-09-30,Ararat,Vayots Dzor,0,39.77376,45.32059,2021,9,2021_9
1224,2021-09-30,Armswiss,Vayots Dzor,0,39.77376,45.32059,2021,9,2021_9
1225,2021-09-30,Artsakh,Vayots Dzor,0,39.77376,45.32059,2021,9,2021_9
1226,2021-09-30,ASHB,Vayots Dzor,2,39.77376,45.32059,2021,9,2021_9
1227,2021-09-30,Byblos,Vayots Dzor,0,39.77376,45.32059,2021,9,2021_9
1228,2021-09-30,Converse,Vayots Dzor,0,39.77376,45.32059,2021,9,2021_9
1229,2021-09-30,Econom,Vayots Dzor,1,39.77376,45.32059,2021,9,2021_9
1230,2021-09-30,Evoca,Vayots Dzor,0,39.77376,45.32059,2021,9,2021_9
1231,2021-09-30,HSBC,Vayots Dzor,0,39.77376,45.32059,2021,9,2021_9
1232,2021-09-30,IDbank,Vayots Dzor,0,39.77376,45.32059,2021,9,2021_9
1233,2021-09-30,Ineco,Vayots Dzor,0,39.77376,45.32059,2021,9,2021_9
1234,2021-09-30,Mellat,Vayots Dzor,0,39.77376,45.32059,2021,9,2021_9
1235,2021-09-30,Uni,Vayots Dzor,1,39.77376,45.32059,2021,9,2021_9
1236,2021-09-30,VTB,Vayots Dzor,3,39.77376,45.32059,2021,9,2021_9
1237,2021-12-31,ABB,Vayots Dzor,0,39.77376,45.32059,2021,12,2021_12
1238,2021-12-31,ACBA,Vayots Dzor,2,39.77376,45.32059,2021,12,2021_12
1239,2021-12-31,Ameria,Vayots Dzor,1,39.77376,45.32059,2021,12,2021_12
1240,2021-12-31,Ararat,Vayots Dzor,0,39.77376,45.32059,2021,12,2021_12
1241,2021-12-31,Armswiss,Vayots Dzor,0,39.77376,45.32059,2021,12,2021_12
1242,2021-12-31,Artsakh,Vayots Dzor,0,39.77376,45.32059,2021,12,2021_12
1243,2021-12-31,ASHB,Vayots Dzor,2,39.77376,45.32059,2021,12,2021_12
1244,2021-12-31,Byblos,Vayots Dzor,0,39.77376,45.32059,2021,12,2021_12
1245,2021-12-31,Converse,Vayots Dzor,0,39.77376,45.32059,2021,12,2021_12
1246,2021-12-31,Econom,Vayots Dzor,1,39.77376,45.32059,2021,12,2021_12
1247,2021-12-31,Evoca,Vayots Dzor,0,39.77376,45.32059,2021,12,2021_12
1248,2021-12-31,HSBC,Vayots Dzor,0,39.77376,45.32059,2021,12,2021_12
1249,2021-12-31,IDbank,Vayots Dzor,0,39.77376,45.32059,2021,12,2021_12
1250,2021-12-31,Ineco,Vayots Dzor,0,39.77376,45.32059,2021,12,2021_12
1251,2021-12-31,Mellat,Vayots Dzor,0,39.77376,45.32059,2021,12,2021_12
1252,2021-12-31,Uni,Vayots Dzor,1,39.77376,45.32059,2021,12,2021_12
1253,2021-12-31,VTB,Vayots Dzor,3,39.77376,45.32059,2021,12,2021_12
1254,2020-06-30,Artsakh,NKR,16,39.81649,46.71448,2020,6,2020_6
1255,2020-06-30,ASHB,NKR,3,39.81649,46.71448,2020,6,2020_6
1256,2020-06-30,Byblos,NKR,0,39.81649,46.71448,2020,6,2020_6
1257,2020-06-30,Converse,NKR,1,39.81649,46.71448,2020,6,2020_6
1258,2020-06-30,Econom,NKR,1,39.81649,46.71448,2020,6,2020_6
1259,2020-06-30,Evoca,NKR,0,39.81649,46.71448,2020,6,2020_6
1260,2020-06-30,HSBC,NKR,0,39.81649,46.71448,2020,6,2020_6
1261,2020-06-30,IDbank,NKR,0,39.81649,46.71448,2020,6,2020_6
1262,2020-06-30,Ineco,NKR,0,39.81649,46.71448,2020,6,2020_6
1263,2020-06-30,Mellat,NKR,0,39.81649,46.71448,2020,6,2020_6
1264,2020-06-30,Uni,NKR,2,39.81649,46.71448,2020,6,2020_6
1265,2020-06-30,VTB,NKR,0,39.81649,46.71448,2020,6,2020_6
1266,2020-09-30,ABB,NKR,7,39.81649,46.71448,2020,9,2020_9
1267,2020-09-30,ACBA,NKR,0,39.81649,46.71448,2020,9,2020_9
1268,2020-09-30,Ameria,NKR,0,39.81649,46.71448,2020,9,2020_9
1269,2020-09-30,Ararat,NKR,1,39.81649,46.71448,2020,9,2020_9
1270,2020-09-30,Armswiss,NKR,0,39.81649,46.71448,2020,9,2020_9
1271,2020-09-30,Artsakh,NKR,16,39.81649,46.71448,2020,9,2020_9
1272,2020-09-30,ASHB,NKR,0,39.81649,46.71448,2020,9,2020_9
1273,2020-09-30,Byblos,NKR,0,39.81649,46.71448,2020,9,2020_9
1274,2020-09-30,Converse,NKR,1,39.81649,46.71448,2020,9,2020_9
1275,2020-09-30,Econom,NKR,1,39.81649,46.71448,2020,9,2020_9
1276,2020-09-30,Evoca,NKR,0,39.81649,46.71448,2020,9,2020_9
1277,2020-09-30,HSBC,NKR,0,39.81649,46.71448,2020,9,2020_9
1278,2020-09-30,IDbank,NKR,0,39.81649,46.71448,2020,9,2020_9
1279,2020-09-30,Ineco,NKR,0,39.81649,46.71448,2020,9,2020_9
1280,2020-09-30,Mellat,NKR,0,39.81649,46.71448,2020,9,2020_9
1281,2020-09-30,Uni,NKR,2,39.81649,46.71448,2020,9,2020_9
1282,2020-09-30,VTB,NKR,0,39.81649,46.71448,2020,9,2020_9
1283,2020-12-31,ABB,NKR,7,39.81649,46.71448,2020,12,2020_12
1284,2020-12-31,ACBA,NKR,0,39.81649,46.71448,2020,12,2020_12
1285,2020-12-31,Ameria,NKR,0,39.81649,46.71448,2020,12,2020_12
1286,2020-12-31,Ararat,NKR,1,39.81649,46.71448,2020,12,2020_12
1287,2020-12-31,Armswiss,NKR,0,39.81649,46.71448,2020,12,2020_12
1288,2020-12-31,Artsakh,NKR,16,39.81649,46.71448,2020,12,2020_12
1289,2020-12-31,ASHB,NKR,0,39.81649,46.71448,2020,12,2020_12
1290,2020-12-31,Byblos,NKR,0,39.81649,46.71448,2020,12,2020_12
1291,2020-12-31,Converse,NKR,1,39.81649,46.71448,2020,12,2020_12
1292,2020-12-31,Econom,NKR,1,39.81649,46.71448,2020,12,2020_12
1293,2020-12-31,Evoca,NKR,0,39.81649,46.71448,2020,12,2020_12
1294,2020-12-31,HSBC,NKR,0,39.81649,46.71448,2020,12,2020_12
1295,2020-12-31,IDbank,NKR,0,39.81649,46.71448,2020,12,2020_12
1296,2020-12-31,Ineco,NKR,0,39.81649,46.71448,2020,12,2020_12
1297,2020-12-31,Mellat,NKR,0,39.81649,46.71448,2020,12,2020_12
1298,2020-12-31,Uni,NKR,2,39.81649,46.71448,2020,12,2020_12
1299,2020-12-31,VTB,NKR,0,39.81649,46.71448,2020,12,2020_12
1300,2021-03-31,ABB,NKR,5,39.81649,46.71448,2021,3,2021_3
1301,2021-03-31,ACBA,NKR,0,39.81649,46.71448,2021,3,2021_3
1302,2021-03-31,Ameria,NKR,0,39.81649,46.71448,2021,3,2021_3
1303,2021-03-31,Ararat,NKR,1,39.81649,46.71448,2021,3,2021_3
1304,2021-03-31,Armswiss,NKR,0,39.81649,46.71448,2021,3,2021_3
1305,2021-03-31,Artsakh,NKR,11,39.81649,46.71448,2021,3,2021_3
1306,2021-03-31,ASHB,NKR,0,39.81649,46.71448,2021,3,2021_3
1307,2021-03-31,Byblos,NKR,0,39.81649,46.71448,2021,3,2021_3
1308,2021-03-31,Converse,NKR,1,39.81649,46.71448,2021,3,2021_3
1309,2021-03-31,Econom,NKR,1,39.81649,46.71448,2021,3,2021_3
1310,2021-03-31,Evoca,NKR,0,39.81649,46.71448,2021,3,2021_3
1311,2021-03-31,HSBC,NKR,0,39.81649,46.71448,2021,3,2021_3
1312,2021-03-31,IDbank,NKR,0,39.81649,46.71448,2021,3,2021_3
1313,2021-03-31,Ineco,NKR,0,39.81649,46.71448,2021,3,2021_3
1314,2021-03-31,Mellat,NKR,0,39.81649,46.71448,2021,3,2021_3
1315,2021-03-31,Uni,NKR,2,39.81649,46.71448,2021,3,2021_3
1316,2021-03-31,VTB,NKR,0,39.81649,46.71448,2021,3,2021_3
1317,2021-06-30,ABB,NKR,5,39.81649,46.71448,2021,6,2021_6
1318,2021-06-30,ACBA,NKR,0,39.81649,46.71448,2021,6,2021_6
1319,2021-06-30,Ameria,NKR,0,39.81649,46.71448,2021,6,2021_6
1320,2021-06-30,Ararat,NKR,1,39.81649,46.71448,2021,6,2021_6
1321,2021-06-30,Armswiss,NKR,0,39.81649,46.71448,2021,6,2021_6
1322,2021-06-30,Artsakh,NKR,11,39.81649,46.71448,2021,6,2021_6
1323,2021-06-30,ASHB,NKR,0,39.81649,46.71448,2021,6,2021_6
1324,2021-06-30,Byblos,NKR,0,39.81649,46.71448,2021,6,2021_6
1325,2021-06-30,Converse,NKR,1,39.81649,46.71448,2021,6,2021_6
1326,2021-06-30,Econom,NKR,1,39.81649,46.71448,2021,6,2021_6
1327,2021-06-30,Evoca,NKR,0,39.81649,46.71448,2021,6,2021_6
1328,2021-06-30,HSBC,NKR,0,39.81649,46.71448,2021,6,2021_6
1329,2021-06-30,IDbank,NKR,0,39.81649,46.71448,2021,6,2021_6
1330,2021-06-30,Ineco,NKR,0,39.81649,46.71448,2021,6,2021_6
1331,2021-06-30,Mellat,NKR,0,39.81649,46.71448,2021,6,2021_6
1332,2021-06-30,Uni,NKR,2,39.81649,46.71448,2021,6,2021_6
1333,2021-06-30,VTB,NKR,0,39.81649,46.71448,2021,6,2021_6
1334,2021-09-30,ABB,NKR,5,39.81649,46.71448,2021,9,2021_9
1335,2021-09-30,ACBA,NKR,0,39.81649,46.71448,2021,9,2021_9
1336,2021-09-30,Ameria,NKR,0,39.81649,46.71448,2021,9,2021_9
1337,2021-09-30,Ararat,NKR,1,39.81649,46.71448,2021,9,2021_9
1338,2021-09-30,Armswiss,NKR,0,39.81649,46.71448,2021,9,2021_9
1339,2021-09-30,Artsakh,NKR,11,39.81649,46.71448,2021,9,2021_9
1340,2021-09-30,ASHB,NKR,0,39.81649,46.71448,2021,9,2021_9
1341,2021-09-30,Byblos,NKR,0,39.81649,46.71448,2021,9,2021_9
1342,2021-09-30,Converse,NKR,1,39.81649,46.71448,2021,9,2021_9
1343,2021-09-30,Econom,NKR,1,39.81649,46.71448,2021,9,2021_9
1344,2021-09-30,Evoca,NKR,0,39.81649,46.71448,2021,9,2021_9
1345,2021-09-30,HSBC,NKR,0,39.81649,46.71448,2021,9,2021_9
1346,2021-09-30,IDbank,NKR,0,39.81649,46.71448,2021,9,2021_9
1347,2021-09-30,Ineco,NKR,0,39.81649,46.71448,2021,9,2021_9
1348,2021-09-30,Mellat,NKR,0,39.81649,46.71448,2021,9,2021_9
1349,2021-09-30,Uni,NKR,2,39.81649,46.71448,2021,9,2021_9
1350,2021-09-30,VTB,NKR,0,39.81649,46.71448,2021,9,2021_9
1351,2021-12-31,ABB,NKR,5,39.81649,46.71448,2021,12,2021_12
1352,2021-12-31,ACBA,NKR,0,39.81649,46.71448,2021,12,2021_12
1353,2021-12-31,Ameria,NKR,0,39.81649,46.71448,2021,12,2021_12
1354,2021-12-31,Ararat,NKR,1,39.81649,46.71448,2021,12,2021_12
1355,2021-12-31,Armswiss,NKR,0,39.81649,46.71448,2021,12,2021_12
1356,2021-12-31,Artsakh,NKR,10,39.81649,46.71448,2021,12,2021_12
1357,2021-12-31,ASHB,NKR,0,39.81649,46.71448,2021,12,2021_12
1358,2021-12-31,Byblos,NKR,0,39.81649,46.71448,2021,12,2021_12
1359,2021-12-31,Converse,NKR,1,39.81649,46.71448,2021,12,2021_12
1360,2021-12-31,Econom,NKR,1,39.81649,46.71448,2021,12,2021_12
1361,2021-12-31,Evoca,NKR,0,39.81649,46.71448,2021,12,2021_12
1362,2021-12-31,HSBC,NKR,0,39.81649,46.71448,2021,12,2021_12
1363,2021-12-31,IDbank,NKR,0,39.81649,46.71448,2021,12,2021_12
1364,2021-12-31,Ineco,NKR,0,39.81649,46.71448,2021,12,2021_12
1365,2021-12-31,Mellat,NKR,0,39.81649,46.71448,2021,12,2021_12
1366,2021-12-31,Uni,NKR,2,39.81649,46.71448,2021,12,2021_12
1367,2021-12-31,VTB,NKR,0,39.81649,46.71448,2021,12,2021_12
