,level_0,Banks name,level_1,LoanPortfolio(net),TotalAssets,TotalLiabilities,TotalCapital,Liabilitiestocustomers(incl.securities),Bonds Attracted,Netinterestincome,Net non-interest,Profit/(loss)aftertax,NPL (%)_r,"ROA
(Annualized)","ROE
(Annualized)",Cost of credit risk_r,Index,Month,Year,Y-M
0,2020-06-30,Artsakh,0,0.17511490167464405,0.16202794340208354,0.16475429920506224,0.2732863260849272,0.2016948153628519,0.5606669746723358,0.2849565178027196,0.000656842182969835,0.42006257641561384,0.0,0.75,0.8571428571428571,0.8468967728930525,0.20114849792319653,6,2020,2020_6
1,2020-06-30,ASHB,1,1.0,1.0,0.9999999999999999,1.0,0.9999999999999999,1.0,0.9999999999999999,1.0,1.0,0.18521665250637215,0.5,0.9999999999999999,0.5654319988602841,0.08297286250148868,6,2020,2020_6
2,2020-06-30,Byblos,2,0.033414761130045725,0.04175750985046421,0.058030316185790055,0.0,0.09619960073570907,0.41914471709682327,0.0,0.027772903735989153,0.023032581385954654,0.10067969413763805,0.25,0.07142857142857142,0.3264446757773662,0.0017554159916713817,6,2020,2020_6
3,2020-06-30,Converse,3,0.3877161610410777,0.3408541920150681,0.34987094924955037,0.34009266152047646,0.45186255657257973,0.24451093359529869,0.45818113603786403,0.29277866473687236,0.22286839652740126,0.18351741716227699,0.25,0.3571428571428571,0.12482004465662982,-0.039156413439933445,6,2020,2020_6
4,2020-06-30,Econom,4,0.31597467616463415,0.3006570011762615,0.3152000283854765,0.23592481303806123,0.21749531932114521,0.47590138922494013,0.4293791185561181,0.15839166221478293,0.46600034342846763,0.0021240441801189443,0.5,0.9999999999999999,0.24290138047850857,0.12274169642631111,6,2020,2020_6
5,2020-06-30,Evoca,5,0.18305364390984452,0.1621218020492068,0.1819782249641607,0.05331970893205484,0.20555951314715323,0.0,0.2011622703384781,0.038226593216293875,0.07826610877278646,0.09855564995751911,0.25,0.2857142857142857,0.26639132200583987,-0.02309399362209709,6,2020,2020_6
6,2020-06-30,HSBC,6,0.21508669258961058,0.19564728443128276,0.2034256791431059,0.2361410285650789,0.29423487972315265,0.20927237796313053,0.2734730449799072,0.17473484086397256,0.13951217590526838,0.5288870008496177,0.25,0.2857142857142857,0.0,-0.05361792577613338,6,2020,2020_6
7,2020-06-30,IDbank,7,0.1351751764173737,0.11850892534827286,0.120144069970165,0.2513813043936006,0.15506588297994153,0.38275802534129827,0.23795505300032255,0.036331146329422435,0.019763180497075372,0.09983007646559047,0.25,0.0,0.09177241402009667,-0.03560272292428913,6,2020,2020_6
8,2020-06-30,Ineco,8,0.3899935309774611,0.385030467316928,0.38538137629479935,0.48787440826358064,0.41183988279418837,0.5183073482711538,0.7417226303367609,0.20242455577517096,0.42858570216110536,0.14613423959218352,0.5,0.5714285714285714,0.5686457490439039,0.07321256721340176,6,2020,2020_6
9,2020-06-30,Mellat,9,0.0,0.0,0.0,0.17456400658805948,0.0,0.2768626177767202,0.03807275168534126,0.0,0.10413078366023899,0.10450297366185216,1.0,0.21428571428571427,1.0,0.15612108693898627,6,2020,2020_6
10,2020-06-30,Uni,10,0.2515518450843436,0.21876868530180726,0.24059021893396662,0.0748352758106382,0.3019079303687523,0.03748217817876487,0.2392936542100833,0.05708011699005215,0.0,0.9999999999999999,0.0,0.0,0.29666925275861517,-0.13964445609508486,6,2020,2020_6
11,2020-06-30,VTB,11,0.34610513001114973,0.3419494282674079,0.3482631660359117,0.3757183161830826,0.456834095380895,0.07569636215794967,0.8213357848603008,0.0063686288370495905,0.3543938749643983,0.5097706032285472,0.5,0.5714285714285714,0.3510514635882191,0.011553052167058367,6,2020,2020_6
12,2020-09-30,ABB,12,1.0,0.9760993995074024,0.9999999999999998,0.3315577634504365,0.9999999999999999,0.10071860889352703,0.3586813537296878,0.9127396390329144,0.07753647045327156,0.10104712041884817,0.0,0.07142857142857142,0.2843538355290236,-0.19901866605364732,9,2020,2020_9
13,2020-09-30,ACBA,13,0.4977609861353021,0.4849594848618771,0.4701698990886311,0.5020327867603878,0.42258692358226474,0.0,0.7350474853850854,0.1012120803604302,0.16708684025786483,0.16596858638743456,0.25,0.14285714285714282,0.07851933365227726,-0.09296467159485786,9,2020,2020_9
14,2020-09-30,Ameria,14,0.9950972666475857,0.9999999999999999,0.9600169318581353,1.0,0.8712389309323852,0.320791551866154,1.0,0.5492363313730282,0.6264974122792158,0.19633507853403143,0.25,0.4285714285714285,0.1945240475879247,-0.08306336188506411,9,2020,2020_9
15,2020-09-30,Ararat,15,0.20594370080247124,0.197488563873966,0.2072827782220526,0.11581973147147229,0.16081246436707733,0.1752094455904099,0.1811935102186534,0.10022343678020604,0.13507298003875945,0.1267015706806283,0.25,0.2857142857142857,0.028666018620193634,-0.02694108318213387,9,2020,2020_9
16,2020-09-30,Armswiss,16,0.1532280551304074,0.3176343696444772,0.2975592801014621,0.4788640467979345,0.29338882574015707,1.0,0.21541718533339457,0.540996720458309,0.65259695289789,0.06649214659685865,0.75,0.8571428571428571,1.0,0.23082551515571803,9,2020,2020_9
17,2020-09-30,Artsakh,17,0.15792365759366267,0.1477044464558857,0.14531625837592416,0.21810149307067295,0.1658778034553688,0.17008027126997488,0.23088287115344272,0.053813522872829145,0.49192686930220775,0.007329842931937173,1.0,0.9999999999999999,0.5290737680948432,0.20558546321056145,9,2020,2020_9
18,2020-09-30,ASHB,18,0.953829700080684,0.9661957081167724,0.9500849699864734,0.7386846949072731,0.79819853818232,0.29988253502485573,0.8485770785398279,1.0,1.0,0.22251308900523561,0.5,0.9999999999999999,0.322789649873752,0.03104563067037568,9,2020,2020_9
19,2020-09-30,Byblos,19,0.033797440090397535,0.03689851948023844,0.050714575950062415,0.0,0.0840167763336215,0.09915467287908437,0.0,0.07406812676191844,0.022269011537722067,0.09476439790575919,0.25,0.07142857142857142,0.134879480687759,-0.031662572828178095,9,2020,2020_9
20,2020-09-30,Converse,20,0.33673656553301257,0.30120220073119097,0.30239068974854283,0.25244498625731504,0.3685900322542314,0.112074722272697,0.3571850156534614,0.3708645923733658,0.27175182266021014,0.23769633507853402,0.25,0.4999999999999999,0.05544366071289003,-0.029977772263578818,9,2020,2020_9
21,2020-09-30,Econom,21,0.28708861498594646,0.2947111667488518,0.3035746432771537,0.17046057540511417,0.18051730903178584,0.1750642661316158,0.32794096934941386,0.1868673528551333,0.3676033031297844,0.0,0.5,0.7857142857142857,0.09685189487610962,0.0679595113814688,9,2020,2020_9
22,2020-09-30,Evoca,22,0.15812280191868458,0.1531916221970638,0.1660422573038549,0.06383708331512333,0.17433251692285426,0.03328562512441963,0.1587007350825568,0.09185185649648855,0.03805309397323707,0.08952879581151835,0.25,0.14285714285714282,0.12766690271302483,-0.045042487440195234,9,2020,2020_9
23,2020-09-30,HSBC,23,0.1968970333240491,0.18709811722676253,0.19087105485573708,0.172962713225441,0.24565283193556603,0.09321801351004257,0.22053915532158805,0.27856695961188666,0.15443199639489308,0.6031413612565446,0.25,0.2857142857142857,0.0,-0.06298442633249157,9,2020,2020_9
24,2020-09-30,IDbank,24,0.11596326503628561,0.11997921988196886,0.11936633036045176,0.1869827516589263,0.13293556590198366,0.10413462145893541,0.1895654324707375,0.09125598589348358,0.01621371297899249,0.12827225130890052,0.25,0.0,0.025713053249819318,-0.05924628123798516,9,2020,2020_9
25,2020-09-30,Ineco,25,0.32387413077079424,0.36844860375733635,0.36384619815432695,0.34320269755634725,0.345877488767474,0.3329379804772167,0.5664475294834441,0.2925588478554831,0.30949968534608685,0.14450261780104712,0.25,0.4285714285714285,0.3053556486778789,-0.0027344461282664935,9,2020,2020_9
26,2020-09-30,Mellat,26,0.0,0.0,0.0,0.1250646794617809,0.0,0.11111175247978643,0.03420264938725849,0.045182216681751215,0.08979710872649455,0.10157068062827226,0.75,0.21428571428571427,0.5355430465056767,0.0827260816624225,9,2020,2020_9
27,2020-09-30,Uni,27,0.21792495990408475,0.1977417052729822,0.2136954494293456,0.05255539243732332,0.2758739666597541,0.024473315730819123,0.22859916026413282,0.0,0.0,1.0,0.0,0.0,0.14910805911299274,-0.1453489328398149,9,2020,2020_9
28,2020-09-30,VTB,28,0.2937911349691651,0.28940551267783454,0.28870716928736173,0.26639265651207533,0.37930671027928603,0.0336668527786516,0.650038713460144,0.04118139919666219,0.2648269650628603,0.6371727748691101,0.25,0.4285714285714285,0.17491663964335513,-0.0504169571455238,9,2020,2020_9
29,2020-12-31,ABB,29,0.9092546446711915,0.760179673722646,0.8104240114709361,0.20194011938860496,0.8581706353160161,0.2479262150899273,0.4029148005832924,1.0,0.0,0.15423443634324174,0.0,0.0,0.3316131043915521,-0.18490246764195867,12,2020,2020_12
30,2020-12-31,ACBA,30,0.45580331050475836,0.4125764814954756,0.41112350985686874,0.5112009511980979,0.4282229920618236,0.010540093269315251,0.7186657480366949,0.3430062753042652,0.26130040913108676,0.2406057206954571,0.3333333333333333,0.3333333333333333,0.044883152795011316,-0.062009206228117376,12,2020,2020_12
31,2020-12-31,Ameria,31,1.0,0.9999999999999998,0.9999999999999999,1.0,1.0,0.22553017192310038,1.0,0.6270490506532346,0.8832348619367163,0.19798093101514302,0.3333333333333333,0.75,0.20051516127517277,-0.037169348897253165,12,2020,2020_12
32,2020-12-31,Ararat,32,0.19005597713255856,0.16902187821852016,0.1839474871825048,0.10862230597948769,0.1535758547879231,0.12213512639301695,0.17578810720543203,0.08234747768882694,0.1241467020811545,0.22209758833426813,0.3333333333333333,0.25,0.01653101874904439,-0.027863617812087592,12,2020,2020_12
33,2020-12-31,Armswiss,33,0.15371113440495682,0.30450215575460254,0.3031689550616191,0.4167144296324969,0.2771041101379261,1.0,0.234426280223762,0.3154309504444754,0.5884867501406533,0.25406618059450364,0.6666666666666666,0.75,0.9999999999999999,0.20096962135968868,12,2020,2020_12
34,2020-12-31,Artsakh,34,0.1457011615836149,0.11097028323017091,0.11674762207398148,0.16632816596259398,0.13950526653865236,0.14915030101098536,0.23528695334857175,0.0,0.1699323585396786,0.008412787436904094,0.3333333333333333,0.3333333333333333,0.29743969566148454,0.022760776410765505,12,2020,2020_12
35,2020-12-31,ASHB,35,0.8414506093439266,0.8285372945822613,0.840161941759002,0.7154762671547779,0.7295402897705524,0.5148085877197346,0.8644235083386251,0.802440349460208,0.9999999999999999,0.36623667975322494,0.3333333333333333,1.0,0.27746184252120687,0.03343514453313933,12,2020,2020_12
36,2020-12-31,Byblos,36,0.029386856233351633,0.025144088432961717,0.03877102901023474,0.0,0.07631801030252562,0.051308370910743153,0.0,0.07840392980145172,0.13265934017144398,0.08300616937745373,0.3333333333333333,0.41666666666666663,0.12325961105755157,0.019965670024851046,12,2020,2020_12
37,2020-12-31,Converse,37,0.3104117783807968,0.25149523223724296,0.2617667162488445,0.23444297091903493,0.348339309758959,0.11257867778063403,0.35058023286935,0.32860910819779404,0.26670881229888704,0.3073471676948963,0.3333333333333333,0.5,0.06196639661942299,-0.01820470096637258,12,2020,2020_12
38,2020-12-31,Econom,38,0.25685989073987053,0.23999908480812276,0.25654823348619604,0.15063602861700104,0.16154271055327554,0.13507347109872042,0.31247294994109354,0.143380649517205,0.4666350987358392,0.0,0.6666666666666666,0.9166666666666666,0.10941131878184185,0.11178528136556194,12,2020,2020_12
39,2020-12-31,Evoca,39,0.13630988226638177,0.12217542491079642,0.13831164405408417,0.05402453778333155,0.16946079637346603,0.017904324651245293,0.15285492699638192,0.09592487103005101,0.06679134611887387,0.14806505888951207,0.0,0.16666666666666666,0.07033654272533618,-0.07523363912440179,12,2020,2020_12
40,2020-12-31,HSBC,40,0.18361601343642475,0.1592186906660141,0.16755768910906782,0.17772287719591845,0.23605438803722695,0.0727437152707845,0.22516780568558215,0.23407673731545145,0.2169411566964233,0.6461020751542346,0.3333333333333333,0.41666666666666663,0.0,-0.035357728758111766,12,2020,2020_12
41,2020-12-31,IDbank,41,0.11091550193126318,0.09800279311191373,0.10133240542868749,0.1839769959606255,0.1065812584293078,0.06151449465431506,0.1706440314852921,0.1505608125960457,0.10737513216758607,0.8255748738081885,0.3333333333333333,0.25,0.0007514540458599672,-0.05499174345293343,12,2020,2020_12
42,2020-12-31,Ineco,42,0.29101441974173364,0.3061171101320111,0.3101411628177121,0.355035001822872,0.3225517032742352,0.26390611034612466,0.5472314410014694,0.27054702104902595,0.49411128924506437,0.2546270330902973,0.3333333333333333,0.75,0.2371655637497435,0.044939800419661426,12,2020,2020_12
43,2020-12-31,Mellat,43,0.0,0.0,0.0,0.13877349991230142,0.0,0.07999363726221716,0.035692965394461706,0.037445002509633,0.20440558950583668,0.1250701065619742,1.0,0.41666666666666663,0.4127401234729946,0.12981197750133805,12,2020,2020_12
44,2020-12-31,Uni,44,0.20256404078589815,0.15845118995079835,0.17718742386074318,0.05465654155390498,0.22954306275352718,0.0,0.2272408298246657,0.08593188898017676,0.014922388180697134,1.0,0.0,0.08333333333333333,0.10524464652480026,-0.13720777264799036,12,2020,2020_12
45,2020-12-31,VTB,45,0.2721707212485956,0.25279566935783615,0.261767295661386,0.25086600291721867,0.3648061836686444,0.009082641217329879,0.6323435659561418,0.01130227678943161,0.19019357887276916,0.5967470555243971,0.3333333333333333,0.3333333333333333,0.14492870020772552,-0.05288649572240027,12,2020,2020_12
46,2021-03-31,ABB,46,0.8998384499444883,0.8796430329644569,0.9372060912031185,0.30676439265128247,0.9813473997866188,0.37644481953037584,0.4254794809679193,1.0,0.33064500706623906,0.1389177939646202,0.3333333333333333,0.5,0.567269140724243,-0.057529148328890216,3,2021,2021_3
47,2021-03-31,ACBA,47,0.453502450095227,0.44562474671063573,0.4480948274707308,0.4953402147997517,0.44849624288672113,0.07313830815311569,0.5400372552820354,0.21452590311529945,0.20950801191029417,0.1644120707596254,0.3333333333333333,0.30000000000000004,0.08113622812525217,-0.055393848688994815,3,2021,2021_3
48,2021-03-31,Ameria,48,1.0,1.0000000000000002,1.0000000000000002,1.0,1.0,0.23906755593051743,1.0,0.7377032859669301,1.0,0.172216441207076,0.6666666666666666,0.8,0.25534803464197636,0.01764679095002141,3,2021,2021_3
49,2021-03-31,Ararat,49,0.19311524129087193,0.20239382469648143,0.22072903845936762,0.12263358308345745,0.19105107632146376,0.14554605628939116,0.15554900373532843,0.37381491237833764,0.48139853205815925,0.131633714880333,1.0,1.0,0.17236367639478123,0.1598599753638475,3,2021,2021_3
50,2021-03-31,Armswiss,50,0.1520504581293463,0.31796866108927396,0.3192768778800602,0.396845405768763,0.3025719507961729,1.0,0.19765467301872286,0.27774180981708896,0.4144593036264436,0.3454734651404787,0.6666666666666666,0.6,0.9999999999999998,0.16925803821468122,3,2021,2021_3
51,2021-03-31,Artsakh,51,0.09352392471910514,0.11777295773285745,0.12306236567197026,0.18298484389322117,0.14746970448931293,0.31318682074541915,0.1848193752225037,0.0,0.4348631884324041,0.015088449531737776,1.0,0.8,0.45010894452796263,0.1904870326427809,3,2021,2021_3
52,2021-03-31,ASHB,52,0.8517396181719624,0.9414695414176308,0.9614134166913214,0.7452610971267999,0.9026017461231597,0.3300570021792026,0.7600016670691635,0.9381250077295045,0.6976182758376697,0.3511966701352758,0.3333333333333333,0.7000000000000001,0.39247559636638457,-0.03528003313077243,3,2021,2021_3
53,2021-03-31,Byblos,53,0.02840849155731167,0.0245138829738661,0.03980246318208133,0.0,0.08911218716785825,0.051745910620037625,0.0,0.08871245006740128,0.11793830284045599,0.07336108220603539,0.3333333333333333,0.30000000000000004,0.08084967785278807,0.0033938424761997582,3,2021,2021_3
54,2021-03-31,Converse,54,0.31333860507804256,0.29873569866850214,0.31461164517893536,0.23111287940991027,0.4179200427023868,0.13449415133956572,0.3037752823778926,0.41651733264076973,0.29714945621513494,0.35691987513007284,0.3333333333333333,0.5,0.05191807841980994,-0.025098645960752727,3,2021,2021_3
55,2021-03-31,Econom,55,0.2697994775752458,0.2704567460308033,0.2914986972662491,0.15378524008967992,0.19256679797264972,0.13854847846207374,0.2361585032029701,0.12609542537008867,0.0,0.0,0.0,0.0,0.06625111452255789,-0.09830520866606189,3,2021,2021_3
56,2021-03-31,Evoca,56,0.13789494165051772,0.13706003448204676,0.15670780205004498,0.052704210764292325,0.20452163123745087,0.02501687716636665,0.09301688866918055,0.1827168280587195,0.13283238574971937,0.17845993756503642,0.3333333333333333,0.30000000000000004,0.0774453824834816,-0.02162095774459585,3,2021,2021_3
57,2021-03-31,HSBC,57,0.1863717823198539,0.17587787453061143,0.18615427378903104,0.1821871221204398,0.2776452560590858,0.06439099956678694,0.21125913341907326,0.36889832919031895,0.3634485158985598,0.5900104058272633,0.6666666666666666,0.7000000000000001,0.037982461213088625,0.042567124080369514,3,2021,2021_3
58,2021-03-31,IDbank,58,0.12584905278926742,0.11094002001502196,0.11593125905472007,0.18012805151039485,0.1562364328643666,0.06891592131231496,0.15220712839186934,0.13267539791488886,0.16375220162590431,0.4864724245577523,0.3333333333333333,0.30000000000000004,0.0,-0.031465039183787555,3,2021,2021_3
59,2021-03-31,Ineco,59,0.28894279694352537,0.32362445912152493,0.32859836274845544,0.36421759160543693,0.3744039872468026,0.3454326567165249,0.44826551047442453,0.1408862958977974,0.5646154493420461,0.2601456815816857,0.6666666666666666,0.8,0.5376925486969115,0.12053845793221299,3,2021,2021_3
60,2021-03-31,Mellat,60,0.0,0.0,0.0,0.1352817720854571,0.0,0.08544857210941383,0.03397375542094064,0.04657459280970578,0.170577720023943,0.10561914672216444,1.0,0.35,0.4555667154644501,0.12453326438442604,3,2021,2021_3
61,2021-03-31,Uni,61,0.1908079518519894,0.1783704689459038,0.20162773594582817,0.05148269149029422,0.2580345499644136,0.0,0.24067784930334357,0.09516287611768634,0.06930699223000561,1.0000000000000002,0.0,0.15000000000000002,0.4071000145752765,-0.10895984780849538,3,2021,2021_3
62,2021-03-31,VTB,62,0.28288866160024106,0.29770282204673515,0.3128233864923695,0.23795110490921317,0.4401340145897425,0.020142658014981274,0.503376176116779,0.0600350610321671,0.07174049404389674,0.5124869927159209,0.0,0.15000000000000002,0.18769491190353677,-0.11641164925778001,3,2021,2021_3
63,2021-06-30,ABB,63,0.8821273511791493,0.8724995179778877,0.9343651206502505,0.2868539609235078,0.8961208942666375,0.48354070144158506,0.39753002565154627,0.7754828166144059,0.0,0.21391899600684539,0.0,0.0,0.5027868444122026,-0.16210167371187018,6,2021,2021_6
64,2021-06-30,ACBA,64,0.4774528514017225,0.43375431245006846,0.4402339105469971,0.4473618958141915,0.427838477976893,0.03750522661607619,0.5639815628151348,0.2829574473535036,0.1914452729336246,0.32002281802624066,0.2,0.23809523809523808,0.17223713217902387,-0.08511416774411248,6,2021,2021_6
65,2021-06-30,Ameria,65,1.0,1.0,1.0,1.0,1.0,0.16450797651140764,1.0,0.919312998680606,1.0,0.17056474614945805,0.4,0.8095238095238095,0.28509419932758134,-0.019517744147017218,6,2021,2021_6
66,2021-06-30,Ararat,66,0.18465667137573716,0.19683156305786906,0.21621421066444732,0.11680444227010328,0.18562672346314876,0.09431193065093892,0.15710312932093326,0.3227793474496143,0.21493180041906118,0.22818026240730171,0.4,0.5238095238095237,0.1598587820467401,0.014786387297972839,6,2021,2021_6
67,2021-06-30,Armswiss,67,0.13592366447820586,0.34216215332964317,0.3470611414208643,0.38358961122686897,0.2753318723950473,1.0,0.21077341590569948,0.172706027449697,0.5298387160958651,0.19566457501426127,0.6000000000000001,0.7619047619047619,1.0,0.19556618382901786,6,2021,2021_6
68,2021-06-30,Artsakh,68,0.025470869671897246,0.12241798377386567,0.12600048761335483,0.20646259779461196,0.15682275744319768,0.4760055803944037,0.16111212214282042,0.0,0.4886947395564998,0.1334854535082715,1.0,1.0,0.3016159984285193,0.2130386168640039,6,2021,2021_6
69,2021-06-30,ASHB,69,0.8520913014964766,0.9390300042402223,0.963622067268171,0.7076258106178046,0.8891610751077053,0.46330413260577036,0.7742289237968152,1.0,0.6673275007176249,0.3593839132915002,0.2,0.6666666666666666,0.4010903872861579,-0.04923688330485898,6,2021,2021_6
70,2021-06-30,Byblos,70,0.03507704949935728,0.0151319038251512,0.030382991797912824,0.0,0.08074157319805209,0.024937627982802107,0.0,0.1156217499400601,0.040085340339971215,0.0713063320022818,0.2,0.14285714285714285,0.08242129806404974,-0.035499192379374336,6,2021,2021_6
71,2021-06-30,Converse,71,0.30781123439397484,0.2914218272978094,0.3087459354935471,0.2186347847417811,0.3858122949012607,0.1280862184222637,0.3118710142197762,0.3930125411644429,0.10938579256312314,0.3776383342840844,0.2,0.19047619047619047,0.058715742339447374,-0.0844073793341598,6,2021,2021_6
72,2021-06-30,Econom,72,0.272863768866216,0.2544958075611873,0.2753865143265926,0.15195490861023508,0.17283984496209834,0.09927731809264555,0.23620832008510284,0.17868776848667106,0.22073424315629792,0.0,0.2,0.47619047619047616,0.09274652122983656,-0.010441385143755273,6,2021,2021_6
73,2021-06-30,Evoca,73,0.14798613785956072,0.13544579819718025,0.15660642293179886,0.04641192733713295,0.19915172054585123,0.015565030861319717,0.09707682339038046,0.2391727512110886,0.0022888656961440323,0.10211066742726753,0.0,0.0,0.12143843005000737,-0.0965513317647679,6,2021,2021_6
74,2021-06-30,HSBC,74,0.20425899350213073,0.1599339530851487,0.16953737712998662,0.18021459109148696,0.2575891922793199,0.060735375634285535,0.23245603909407525,0.33986926336827167,0.2160743761968155,0.5573302909298345,0.4,0.42857142857142855,0.04562265981530916,-0.023823716950159307,6,2021,2021_6
75,2021-06-30,IDbank,75,0.13851965717953751,0.10193732727251925,0.10744589648280806,0.16998714413570026,0.1540191622653132,0.04396254612840386,0.1655133740389029,0.12222301594107418,0.06858691274793878,0.5898459783228751,0.2,0.14285714285714285,0.0,-0.07669271182395684,6,2021,2021_6
76,2021-06-30,Ineco,76,0.2878933121316749,0.3004903261006798,0.31381695623941513,0.26543256867431053,0.34442734129277675,0.254491008438935,0.46381321144059073,0.4465677219220675,0.3258988618281319,0.18197375926982318,0.4,0.5238095238095237,0.36702005898969864,0.02553782238035968,6,2021,2021_6
77,2021-06-30,Mellat,77,0.0,0.0,0.0,0.13555304238429333,0.0,0.07105532449219697,0.03845173841462479,0.09192897704718875,0.11744887352767484,0.20422133485453503,0.6000000000000001,0.2857142857142857,0.5321167347037674,0.06553594367913929,6,2021,2021_6
78,2021-06-30,Uni,78,0.19185930678754926,0.20378281708486032,0.23084976442443986,0.047923926686555485,0.3299695270578325,0.0,0.244826449905714,0.2176304967925185,0.017656493989193972,0.9999999999999999,0.0,0.047619047619047616,0.470356128218641,-0.12620640554076373,6,2021,2021_6
79,2021-06-30,VTB,79,0.2885616512546832,0.2720755474745654,0.28745440760262403,0.22086892554389626,0.38677647315618086,0.019107890119119383,0.5232500407729717,0.08747966139635582,2.2603198724034136e-05,0.587564175698802,0.0,0.0,0.22340976154106357,-0.13629000304127495,6,2021,2021_6
80,2021-09-30,ABB,80,0.9000384521969377,0.8218621533895206,0.8854822304089419,0.23098622623277948,0.8592398790750921,0.5770538799274353,0.37661941890535683,0.5837849897287702,0.00789554857410751,0.18355119825708063,0.0,0.0,0.47727638038950687,-0.1482896682177461,9,2021,2021_9
81,2021-09-30,ACBA,81,0.5084528033973307,0.4209713392556213,0.42268343249586143,0.48258327186750666,0.4295245153353081,0.043431612710285825,0.5869141415938043,0.22851793450431948,0.5032499445930716,0.2837690631808279,0.5,0.8125,0.1805633665527932,0.03455476603044944,9,2021,2021_9
82,2021-09-30,Ameria,82,0.9999999999999999,1.0,1.0,1.0,1.0,0.20259201720602016,1.0,0.829440371463991,1.0,0.14760348583877997,0.5,1.0,0.27191722015806014,0.017707119526226875,9,2021,2021_9
83,2021-09-30,Ararat,83,0.19486901142861904,0.1797919737751693,0.19787250493384959,0.11574986286422578,0.17881498620685032,0.1292319191474456,0.15190918828640715,0.17566064529348077,0.19055396774879113,0.22167755991285404,0.25,0.5625,0.10862057639059236,0.003344571215592438,9,2021,2021_9
84,2021-09-30,Armswiss,84,0.1446723460100357,0.3134611510491543,0.32361716127288487,0.3079704059065264,0.26969545337648576,0.9999999999999999,0.20782917215986124,0.09762029023224952,0.4061942320074534,0.24128540305010898,0.5,0.75,1.0,0.1750364039269339,9,2021,2021_9
85,2021-09-30,Artsakh,85,0.021431108826847185,0.10910751829086211,0.11130470646945681,0.20812771003099512,0.13938814432162255,0.5182494235297332,0.14404128079557627,0.0,0.40392487625785983,0.11928104575163401,1.0,1.0,0.3713366037614109,0.2180902757846908,9,2021,2021_9
86,2021-09-30,ASHB,86,0.8943161450772027,0.9129730395051305,0.9355191169578003,0.7068005409240012,0.8985139855976065,0.5496594381263719,0.7489885515178105,1.0,0.6856193024083895,0.2843137254901961,0.25,0.8125,0.35620688926716176,-0.020255709420715834,9,2021,2021_9
87,2021-09-30,Byblos,87,0.030613481436865507,0.012800868638497692,0.027912092272424076,0.0,0.08048345383561038,0.023144004738026358,0.0,0.05752000119630546,0.05003282400973902,0.0724400871459695,0.25,0.1875,0.0774658493217496,-0.023032685482162456,9,2021,2021_9
88,2021-09-30,Converse,88,0.31904016013826497,0.28605492055877957,0.3043502963993484,0.2055923102449126,0.39563447531764817,0.15674283307180362,0.3136204993983088,0.3346390524443409,0.09065385777522889,0.36002178649237476,0.25,0.1875,0.06181923592096611,-0.07646982522570057,9,2021,2021_9
89,2021-09-30,Econom,89,0.29022986046369387,0.25232832481976714,0.2735590395423247,0.14804669011490162,0.17883323659404435,0.11806241258247827,0.23764607046596303,0.1329454814437512,0.20490984163596965,0.0,0.25,0.5625,0.08393896442137133,0.004621186211363328,9,2021,2021_9
90,2021-09-30,Evoca,90,0.15884535403569533,0.13915787918381928,0.16116415991352842,0.0426563070985122,0.21091102664884528,0.028395376110648643,0.09384571767980397,0.17373448204664088,0.018968531315505785,0.06917211328976036,0.0,0.0625,0.1147598424910164,-0.08639967142685552,9,2021,2021_9
91,2021-09-30,HSBC,91,0.20632071013299028,0.16815415723015126,0.17865763769559384,0.17891920213974727,0.2599268407307184,0.07069509537342536,0.2421446868816226,0.2623144925440355,0.1894277628450416,0.568082788671024,0.5,0.5,0.04586348257675521,-0.004856677468372837,9,2021,2021_9
92,2021-09-30,IDbank,92,0.1492380074277524,0.1053913185951575,0.11158597258516884,0.16627550893625082,0.1578681357710914,0.05341524581236362,0.17339407378182237,0.06727230559362897,0.06794566514748397,0.40904139433551195,0.25,0.1875,0.0,-0.05607393538864186,9,2021,2021_9
93,2021-09-30,Ineco,93,0.2885081617847841,0.2988184195722848,0.3106005671838205,0.27958674194700533,0.34694011977986833,0.31473658717076247,0.45673626449835053,0.40029560262076347,0.4157319964245463,0.1328976034858388,0.5,0.8125,0.3843063545755328,0.08284749863588588,9,2021,2021_9
94,2021-09-30,Mellat,94,0.0,0.0,0.0,0.13498506991050108,0.0,0.08199314733579138,0.041962580520440426,0.043384834840650345,0.11274849525986287,0.159041394335512,0.75,0.3125,0.6314195874240098,0.09643784851936663,9,2021,2021_9
95,2021-09-30,Uni,95,0.18696241996219362,0.16284840607998446,0.18625871227625995,0.049578313786043604,0.27992472347602937,0.0,0.21846981788285907,0.18621321116899756,0.03741516962923049,1.0,0.0,0.125,0.4298768448420453,-0.11355199144088575,9,2021,2021_9
96,2021-09-30,VTB,96,0.2910962872347609,0.29031944020551326,0.3090039740257318,0.20551976458583937,0.4242233787097345,0.02268172771267886,0.5258110973489295,0.0202615877927059,0.0,0.33496732026143794,0.0,0.0,0.21977544420405076,-0.12505171471524404,9,2021,2021_9
97,2021-12-31,ABB,97,0.8895906657548079,0.7899533500673752,0.8527489753078275,0.2301295886918704,0.7971449945720652,0.6104582740605562,0.32560948025582764,0.6229140908749324,0.0071655173342274996,0.10789149198520347,0.0,0.0,0.36960269165227094,-0.14491548059702825,12,2021,2021_12
98,2021-12-31,ACBA,98,0.5322653070484431,0.45877941435299824,0.4518369816865867,0.5972363069814084,0.42054500473087464,0.03668012360788882,0.5936843594581487,0.28634848715602024,0.5133176819091526,0.25462392108508014,0.6666666666666666,0.8666666666666667,0.057155703757621024,0.05092494279431583,12,2021,2021_12
99,2021-12-31,Ameria,99,1.0,1.0,1.0,1.0,0.9999999999999999,0.21494130361683428,1.0,0.7928087656972689,1.0000000000000002,0.1720098643649815,0.6666666666666666,1.0,0.22577342535516348,0.03461648524298539,12,2021,2021_12
100,2021-12-31,Ararat,100,0.19125371452508644,0.18443946232430425,0.20550825538721645,0.09767985132054108,0.17658068402898786,0.13225469646614674,0.1521593719544604,0.19605845645939277,0.06827133557464027,0.07090012330456229,0.3333333333333333,0.2,0.08667797226537516,-0.028008381570884373,12,2021,2021_12
101,2021-12-31,Armswiss,101,0.14288040251642692,0.31299840770680815,0.3244971605558674,0.2984593759152794,0.25189785595589226,1.0000000000000002,0.19710553642121326,0.1740912092436766,0.3865792210567856,0.23674475955610358,0.6666666666666666,0.8,1.0,0.19820032588936537,12,2021,2021_12
102,2021-12-31,Artsakh,102,0.023228636141667626,0.11385963138817382,0.1184918330342327,0.19066415318984864,0.13601530107282844,0.48861749591144193,0.13293487862521025,0.02195717501878,0.2626488448967073,0.1504315659679408,1.0,0.7333333333333334,0.2669685749449154,0.16949337825310828,12,2021,2021_12
103,2021-12-31,ASHB,103,0.8439602901938872,0.9156285066375445,0.9389485801684414,0.7085935247928116,0.8494406348029016,0.5729634678580147,0.7147826944933385,1.0,0.6969716061386174,0.3187422934648582,0.3333333333333333,0.9333333333333333,0.344851461403292,0.0067985312553742235,12,2021,2021_12
104,2021-12-31,Byblos,104,0.026101540334229983,0.0177420198505559,0.03385758030634997,0.0,0.08053564201179692,0.024794538356332912,0.0,0.06797975731291502,0.04113368662456397,0.06781750924784218,0.3333333333333333,0.2,0.027338361515381826,-0.015777876309135852,12,2021,2021_12
105,2021-12-31,Converse,105,0.32447076381337925,0.29045010507076907,0.30832452208189476,0.21923773577765715,0.38738318939555205,0.15022037515516234,0.3062704157950719,0.4172262569744606,0.19594631549585656,0.36868064118372385,0.3333333333333333,0.4666666666666667,0.06117551146777256,-0.03273635282260236,12,2021,2021_12
106,2021-12-31,Econom,106,0.30478642975896986,0.27348693433026733,0.29865776912614744,0.1362173174115685,0.1941304855943703,0.11413984303839537,0.23903024632660302,0.15030275166705576,0.14141474752480873,0.0,0.3333333333333333,0.4,0.06731838425986475,-0.011467715187274533,12,2021,2021_12
107,2021-12-31,Evoca,107,0.17924848638619434,0.16035334940829185,0.1854354624033136,0.039261193382393755,0.21786234028975987,0.04486676705396185,0.09556168510518111,0.19515960217536596,0.03823567338287433,0.04315659679408139,0.3333333333333333,0.13333333333333336,0.0684759891415252,-0.042107483649156965,12,2021,2021_12
108,2021-12-31,HSBC,108,0.2003029777794583,0.17578584829452232,0.188066877747587,0.17253036277848965,0.27386409549117835,0.08036355279027337,0.2462553550634629,0.303915684425069,0.14851773559281534,0.7053020961775587,0.3333333333333333,0.4,0.05539897678208888,-0.04522723422783164,12,2021,2021_12
109,2021-12-31,IDbank,109,0.15363103595138408,0.11329056023514358,0.12043926889669652,0.16659577071908283,0.16322736144245856,0.04675496800353085,0.17674777822294802,0.12885697280335384,0.09714744537708356,0.468557336621455,0.3333333333333333,0.26666666666666666,0.0,-0.041691199006794744,12,2021,2021_12
110,2021-12-31,Ineco,110,0.30439570597052024,0.33872906492015353,0.3529485109038234,0.2952102713966741,0.356466946560577,0.3399850526762097,0.4433323284867103,0.4534443770424773,0.4526048672065605,0.09617755856966709,0.6666666666666666,1.0,0.313226942415396,0.11953894478013075,12,2021,2021_12
111,2021-12-31,Mellat,111,0.0,0.0,0.0,0.13564715790108806,0.0,0.0936132880417641,0.044761675158662265,0.055036698513858055,0.11973439418870145,0.21948212083847105,1.0,0.33333333333333337,0.6305850069623886,0.1258548319495899,12,2021,2021_12
112,2021-12-31,Uni,112,0.1783896142301253,0.17035428973678046,0.19536915334289806,0.04853557673278702,0.2818169374062176,0.0,0.19453811119064485,0.25753571772475214,0.0,1.0000000000000002,0.0,0.0,0.40852177345331847,-0.13219388633454168,12,2021,2021_12
113,2021-12-31,VTB,113,0.29002617239278405,0.2746768502023665,0.2922799140901476,0.20814632552030077,0.4012286542912917,0.01971501588878488,0.5335881308775715,0.0,0.061441972209869467,0.24845869297163997,0.0,0.13333333333333336,0.20214437793215528,-0.10173388877939853,12,2021,2021_12
